EmployeeID,Age,Gender,Department,JobRole,Education,MonthlyIncome,YearsAtCompany,OverTime,Attrition,JobSatisfaction,WorkLifeBalance
1,,M,R&D,Lab Technician,Bachelor,,,Y,No,2.0,
2,54.0,F,Sales,Sales Executive,,,,Y,Yes,1.0,3.0
3,,Male,HR,HR Specialist,PhD,12k,,No,,,
4,,M,Sales,Sales Manager,High School,7522,,,Y,4.0,3.0
5,,M,Sales,Sales Executive,Bachelor,15k,18.0,Yes,N,1.0,3.0
6,,F,R&D,Research Scientist,,12224,8.0,N,N,3.0,3.0
7,,F,IT,Data Analyst,Master,7k,,Yes,,2.0,3.0
8,,Female,HR,HR Specialist,High School,,12.0,Yes,No,4.0,
9,,M,Finance,Financial Analyst,PhD,12704,,N,N,3.0,
10,,M,R&D,Lab Technician,,,20.0,Y,No,1.0,2.0
11,,Female,R&D,Lab Technician,PhD,4569,24.0,Yes,Y,1.0,4.0
12,29.0,Female,Finance,Accountant,High School,9015,,,N,4.0,
13,,M,IT,Developer,,7590,18.0,Y,,4.0,
14,,Female,HR,HR Manager,Bachelor,,2.0,,Y,4.0,1.0
15,,Male,Sales,Sales Executive,Master,13k,6.0,N,Y,4.0,4.0
16,,Female,Finance,Accountant,High School,18867,30.0,,Yes,1.0,1.0
17,,M,Sales,Sales Executive,High School,11773,16.0,Y,N,,
18,,M,Finance,Accountant,High School,,12.0,N,,,4.0
19,,F,Finance,Accountant,High School,18359,20.0,Y,,,4.0
20,25.0,F,Finance,Financial Analyst,,6k,,Y,Y,,1.0
21,51.0,Male,IT,Data Analyst,Master,,24.0,,N,3.0,1.0
22,46.0,F,Sales,Sales Executive,Master,,,No,Y,,1.0
23,21.0,F,Sales,Sales Manager,Bachelor,,,Yes,,4.0,2.0
24,40.0,Male,Sales,Sales Executive,Bachelor,,16.0,Y,Y,1.0,3.0
25,,Male,IT,Developer,Bachelor,12k,,Yes,No,4.0,1.0
26,22.0,F,Finance,Accountant,Master,10k,,,,1.0,2.0
27,,F,R&D,Lab Technician,,,,Yes,No,1.0,3.0
28,,Male,IT,Developer,High School,10857,28.0,N,Y,2.0,2.0
29,48.0,F,HR,HR Manager,High School,7k,,Yes,Yes,,3.0
30,,Female,Finance,Financial Analyst,PhD,,,Yes,,2.0,1.0
31,,Male,Finance,Accountant,Master,11679,,No,,4.0,3.0
32,43.0,M,R&D,Lab Technician,,,,No,Yes,3.0,3.0
33,,Female,Finance,Accountant,,,6.0,N,,2.0,
34,,F,IT,Data Analyst,PhD,4k,18.0,N,,2.0,2.0
35,,Female,IT,Developer,,3585,17.0,,Yes,4.0,
36,,Male,Finance,Accountant,,5510,,Yes,,1.0,1.0
37,,F,HR,HR Specialist,Bachelor,8k,15.0,Yes,N,,4.0
38,,M,HR,HR Specialist,,,,,Yes,3.0,
39,59.0,Female,HR,HR Manager,High School,18k,,,,,
40,,F,R&D,Research Scientist,High School,16931,,N,,4.0,1.0
41,25.0,Male,Finance,Accountant,PhD,14k,,,Yes,2.0,3.0
42,47.0,Male,R&D,Lab Technician,PhD,,,,N,1.0,
43,32.0,M,Finance,Financial Analyst,PhD,,15.0,Yes,,2.0,4.0
44,30.0,Female,HR,HR Specialist,High School,16k,9.0,No,No,4.0,2.0
45,,Male,IT,Developer,Bachelor,11k,9.0,Y,N,2.0,2.0
46,,Male,Sales,Sales Executive,PhD,12k,19.0,Yes,Yes,1.0,1.0
47,,Female,Finance,Accountant,,4k,,N,Yes,3.0,1.0
48,,Female,HR,HR Specialist,Bachelor,5192,19.0,Y,Y,4.0,4.0
49,,Female,Finance,Financial Analyst,PhD,,6.0,Yes,Yes,3.0,2.0
50,,F,IT,Data Analyst,,17168,,Yes,Yes,,1.0
51,,F,HR,HR Manager,PhD,4834,,N,,4.0,1.0
52,,F,HR,HR Manager,High School,3248,23.0,No,No,1.0,2.0
53,,F,Finance,Accountant,,,12.0,No,N,2.0,
54,45.0,F,Sales,Sales Manager,Master,14345,,,Y,4.0,
55,27.0,F,Finance,Financial Analyst,High School,,,Yes,,2.0,
56,44.0,F,Finance,Financial Analyst,Bachelor,19k,,,N,1.0,3.0
57,27.0,Female,Finance,Accountant,Bachelor,,13.0,Yes,N,1.0,4.0
58,60.0,F,R&D,Lab Technician,High School,19857,15.0,No,N,,2.0
59,43.0,Male,HR,HR Manager,Bachelor,,,,Yes,4.0,1.0
60,,Male,IT,Data Analyst,Bachelor,4k,9.0,N,Y,2.0,1.0
61,47.0,Female,Finance,Financial Analyst,,6081,,No,,,3.0
62,,M,IT,System Admin,Bachelor,11417,20.0,Yes,N,3.0,2.0
63,,F,R&D,Lab Technician,Bachelor,,,N,No,4.0,4.0
64,,M,Finance,Financial Analyst,High School,,,N,Y,2.0,4.0
65,54.0,M,IT,Developer,,,,Y,No,2.0,2.0
66,48.0,Female,HR,HR Manager,,10k,0.0,N,Y,,3.0
67,,F,Sales,Sales Manager,Master,10874,9.0,No,N,1.0,
68,36.0,M,IT,Developer,PhD,11887,22.0,Yes,N,,2.0
69,,Male,Finance,Financial Analyst,Master,9626,28.0,Yes,Y,2.0,1.0
70,24.0,M,Sales,Sales Executive,PhD,,,No,Y,2.0,
71,27.0,Female,IT,Developer,High School,,,,Y,,4.0
72,,F,IT,Developer,Bachelor,,,,Y,4.0,4.0
73,,Male,R&D,Research Scientist,PhD,8593,4.0,Y,Y,4.0,1.0
74,30.0,M,R&D,Research Scientist,Bachelor,8k,18.0,Yes,Yes,2.0,1.0
75,47.0,F,Sales,Sales Manager,Bachelor,14480,25.0,No,Yes,1.0,4.0
76,,M,Sales,Sales Manager,Bachelor,,20.0,N,N,4.0,4.0
77,43.0,Female,Sales,Sales Manager,PhD,,,No,Y,3.0,
78,,M,Sales,Sales Manager,High School,11402,26.0,Y,No,,3.0
79,,M,HR,HR Manager,,7k,29.0,Y,Y,2.0,3.0
80,,Male,Sales,Sales Manager,Master,18k,,Yes,Y,,2.0
81,,F,HR,HR Specialist,Master,5k,30.0,N,Y,4.0,2.0
82,55.0,F,HR,HR Specialist,Bachelor,3k,4.0,,No,,4.0
83,,F,HR,HR Manager,High School,,,No,Y,2.0,1.0
84,42.0,Female,R&D,Research Scientist,,8k,,N,No,1.0,3.0
85,,Female,R&D,Research Scientist,High School,9k,,N,No,2.0,
86,,Male,Finance,Accountant,PhD,6964,11.0,No,Y,2.0,3.0
87,47.0,M,HR,HR Specialist,,,12.0,N,N,,
88,,F,HR,HR Specialist,PhD,5839,17.0,Yes,Y,1.0,1.0
89,58.0,M,IT,System Admin,PhD,6k,30.0,,,2.0,2.0
90,,Male,Finance,Financial Analyst,PhD,8897,,Y,,2.0,4.0
91,46.0,Female,R&D,Research Scientist,Bachelor,19k,,No,Yes,3.0,
92,50.0,F,Finance,Accountant,Bachelor,12k,23.0,Yes,No,4.0,
93,40.0,F,Sales,Sales Manager,PhD,13k,20.0,No,,,1.0
94,,Female,IT,Developer,PhD,15601,,No,N,2.0,
95,,F,IT,Data Analyst,PhD,19437,23.0,N,No,4.0,
96,,Male,Sales,Sales Manager,,,,,Y,,3.0
97,59.0,Female,R&D,Lab Technician,High School,4488,,Y,No,3.0,3.0
98,,F,IT,Data Analyst,High School,13k,,No,No,1.0,3.0
99,,Female,Finance,Accountant,Bachelor,3k,,No,,1.0,3.0
100,,F,HR,HR Specialist,,8k,23.0,N,Y,2.0,3.0
101,38.0,M,R&D,Lab Technician,Bachelor,13996,,Yes,No,4.0,3.0
102,,Female,IT,System Admin,PhD,,,No,Yes,,4.0
103,,M,HR,HR Specialist,Master,,,Y,Yes,2.0,4.0
104,,Male,R&D,Lab Technician,,11335,,No,Yes,2.0,3.0
105,,Male,HR,HR Manager,PhD,,,N,Y,4.0,
106,29.0,F,Sales,Sales Manager,PhD,11k,,N,No,4.0,
107,42.0,F,Finance,Financial Analyst,PhD,16252,17.0,No,,3.0,
108,44.0,F,IT,System Admin,,19k,4.0,Yes,Y,4.0,2.0
109,,M,HR,HR Specialist,High School,18329,4.0,Y,Yes,1.0,4.0
110,60.0,M,Sales,Sales Executive,PhD,,,Y,,3.0,
111,49.0,F,HR,HR Manager,,11k,4.0,Y,Y,4.0,1.0
112,,Female,Finance,Accountant,Master,,,Y,Yes,4.0,2.0
113,,F,Sales,Sales Manager,Bachelor,14k,13.0,,,1.0,2.0
114,24.0,Male,Sales,Sales Executive,Bachelor,,,Y,N,4.0,
115,,F,Finance,Financial Analyst,Bachelor,9691,3.0,,Yes,,2.0
116,,Male,HR,HR Specialist,Master,5532,,N,No,2.0,
117,,F,IT,Developer,Bachelor,6k,,N,No,3.0,
118,,Female,HR,HR Manager,High School,17k,1.0,Y,Y,,
119,29.0,M,Finance,Financial Analyst,PhD,6k,11.0,,N,3.0,
120,22.0,M,IT,System Admin,PhD,11k,,N,No,,
121,25.0,M,R&D,Research Scientist,Master,16837,0.0,,,,3.0
122,37.0,Female,Finance,Financial Analyst,PhD,,,Y,No,3.0,3.0
123,56.0,F,Finance,Accountant,,10575,29.0,No,No,1.0,3.0
124,54.0,Male,IT,Data Analyst,High School,11977,,,Y,3.0,4.0
125,,Male,IT,Data Analyst,PhD,,13.0,No,No,3.0,
126,,Male,Sales,Sales Executive,Bachelor,9k,26.0,Yes,Y,,3.0
127,24.0,Female,HR,HR Manager,,12k,6.0,No,,,4.0
128,,Female,Finance,Accountant,PhD,6k,18.0,,Y,3.0,
129,60.0,Female,HR,HR Specialist,High School,11k,21.0,,No,4.0,2.0
130,,M,Finance,Accountant,,5k,8.0,N,,4.0,1.0
131,,M,IT,Developer,PhD,13k,,Yes,No,3.0,
132,33.0,Male,IT,Developer,Master,,,Y,No,3.0,1.0
133,,M,HR,HR Manager,PhD,12419,,No,,2.0,1.0
134,39.0,Female,IT,Data Analyst,Bachelor,13393,,,Y,4.0,3.0
135,,Female,Sales,Sales Executive,High School,9k,1.0,N,,3.0,
136,41.0,F,IT,System Admin,Bachelor,,19.0,,Y,1.0,
137,,F,Sales,Sales Executive,Master,14249,,Y,,1.0,4.0
138,,M,IT,Developer,,,17.0,Y,,3.0,1.0
139,26.0,Female,Finance,Accountant,PhD,,,,N,1.0,3.0
140,,Female,IT,Developer,High School,8537,,Yes,N,2.0,3.0
141,,F,Finance,Financial Analyst,,,,N,Yes,2.0,1.0
142,29.0,Male,IT,Data Analyst,,15k,10.0,Yes,N,1.0,2.0
143,38.0,Male,HR,HR Manager,High School,,,N,No,,3.0
144,,F,Sales,Sales Executive,Master,,24.0,Y,Yes,,2.0
145,44.0,Female,Sales,Sales Executive,Master,18019,2.0,Yes,N,3.0,3.0
146,,Male,HR,HR Specialist,,,14.0,No,,1.0,3.0
147,,M,R&D,Research Scientist,Bachelor,3363,26.0,Y,N,4.0,
148,32.0,M,IT,Developer,PhD,18879,,No,Yes,,
149,44.0,F,HR,HR Manager,Master,5k,,N,,3.0,1.0
150,,M,IT,Data Analyst,High School,3k,,N,,,1.0
151,,M,Finance,Accountant,High School,11417,,No,Y,2.0,
152,46.0,Male,HR,HR Specialist,High School,15973,,,,2.0,
153,23.0,Male,HR,HR Specialist,High School,18924,3.0,N,N,2.0,3.0
154,,Male,Finance,Accountant,Bachelor,9k,,,Y,1.0,2.0
155,,M,R&D,Research Scientist,Bachelor,7282,,Y,No,3.0,4.0
156,38.0,M,Sales,Sales Manager,High School,5171,,Yes,No,1.0,
157,60.0,Female,R&D,Research Scientist,Master,12691,,N,N,1.0,2.0
158,,Male,IT,System Admin,High School,,,Yes,Y,2.0,
159,,Female,Sales,Sales Executive,Bachelor,15k,7.0,No,No,3.0,1.0
160,,Female,R&D,Lab Technician,Bachelor,3255,9.0,No,No,2.0,1.0
161,,M,IT,System Admin,,7740,,,,4.0,4.0
162,30.0,F,R&D,Lab Technician,PhD,18k,9.0,Y,No,,
163,42.0,M,Sales,Sales Manager,PhD,10027,9.0,,N,,1.0
164,53.0,Female,HR,HR Manager,Master,3k,1.0,N,Yes,1.0,2.0
165,,Male,IT,Data Analyst,High School,8352,,No,No,4.0,1.0
166,32.0,Male,HR,HR Manager,,,15.0,Y,,3.0,
167,44.0,Male,HR,HR Manager,High School,7033,18.0,Y,,1.0,
168,,M,HR,HR Manager,,16527,28.0,Y,N,2.0,2.0
169,,F,HR,HR Manager,,14931,16.0,No,Yes,,3.0
170,53.0,M,R&D,Research Scientist,PhD,3k,,,Y,3.0,4.0
171,,F,Sales,Sales Manager,,,,No,N,,1.0
172,44.0,M,IT,System Admin,High School,16696,,No,No,3.0,
173,,F,R&D,Lab Technician,PhD,5089,21.0,Y,Y,3.0,3.0
174,,Male,Sales,Sales Executive,PhD,5k,7.0,Y,No,1.0,4.0
175,42.0,Male,Sales,Sales Executive,PhD,3900,26.0,,N,,2.0
176,30.0,Male,Sales,Sales Executive,PhD,6885,29.0,Yes,,1.0,
177,30.0,M,Sales,Sales Executive,Master,6k,,Y,,1.0,3.0
178,59.0,Female,R&D,Research Scientist,,11348,,Y,Y,1.0,1.0
179,31.0,F,IT,Developer,PhD,15332,18.0,Yes,Yes,1.0,2.0
180,,F,Sales,Sales Manager,PhD,,,,N,,4.0
181,50.0,F,HR,HR Manager,PhD,16k,6.0,Y,Yes,4.0,1.0
182,33.0,M,Sales,Sales Manager,Bachelor,4k,,Y,Y,1.0,2.0
183,45.0,F,HR,HR Specialist,Master,17005,,,Y,4.0,1.0
184,,Male,Sales,Sales Executive,Master,,,No,,1.0,4.0
185,57.0,Female,HR,HR Manager,Master,8k,9.0,,N,4.0,2.0
186,,M,Sales,Sales Executive,,,6.0,,No,1.0,
187,52.0,F,HR,HR Manager,Bachelor,,,,Y,3.0,3.0
188,,F,HR,HR Specialist,Bachelor,11340,,Y,,3.0,4.0
189,,Female,R&D,Research Scientist,Master,3257,0.0,Yes,Yes,1.0,3.0
190,54.0,F,Sales,Sales Executive,Master,3k,30.0,Y,No,3.0,
191,47.0,M,Sales,Sales Executive,Bachelor,,25.0,,N,4.0,
192,,Male,IT,Developer,Master,11k,,,,,1.0
193,,F,HR,HR Specialist,Bachelor,6k,,Yes,N,4.0,1.0
194,37.0,M,HR,HR Manager,PhD,5k,21.0,Y,Y,2.0,1.0
195,33.0,Female,IT,Developer,Bachelor,,28.0,,Y,1.0,3.0
196,,F,R&D,Research Scientist,Master,,19.0,Y,Y,4.0,2.0
197,,F,Finance,Financial Analyst,,13709,,,Yes,1.0,
198,,F,IT,Data Analyst,High School,,3.0,Yes,No,,2.0
199,,M,HR,HR Manager,,12k,,Yes,N,4.0,3.0
200,,M,IT,System Admin,PhD,18k,,Y,Y,3.0,
201,58.0,F,IT,Developer,,12k,21.0,N,No,,2.0
202,,M,HR,HR Manager,Master,17008,,No,Y,,4.0
203,50.0,Female,HR,HR Specialist,PhD,19360,,No,N,,
204,43.0,Female,Sales,Sales Manager,,,,No,N,2.0,1.0
205,47.0,Female,IT,Data Analyst,PhD,11k,,Yes,,4.0,2.0
206,45.0,F,Sales,Sales Manager,Master,6354,15.0,Yes,No,2.0,1.0
207,27.0,Male,Sales,Sales Manager,Master,17992,,Yes,,1.0,4.0
208,,Male,Finance,Financial Analyst,Master,13k,12.0,Yes,,2.0,
209,,F,Sales,Sales Executive,Bachelor,,26.0,No,,3.0,3.0
210,29.0,Female,Finance,Accountant,Master,12026,,Y,Yes,4.0,4.0
211,24.0,M,Sales,Sales Manager,High School,19k,11.0,N,Y,,3.0
212,40.0,M,Finance,Accountant,Bachelor,13074,,Yes,Yes,1.0,1.0
213,54.0,M,HR,HR Manager,Bachelor,17k,7.0,,Y,1.0,2.0
214,,Male,HR,HR Manager,PhD,,,,,1.0,
215,,M,Sales,Sales Manager,High School,19596,,No,N,1.0,3.0
216,40.0,Female,Finance,Accountant,PhD,16942,3.0,,Yes,2.0,4.0
217,42.0,Male,R&D,Lab Technician,High School,14k,11.0,Yes,,1.0,3.0
218,,Male,R&D,Research Scientist,,14680,,No,Yes,,2.0
219,31.0,Female,R&D,Research Scientist,,,,No,,2.0,
220,37.0,Female,IT,System Admin,Master,7k,,N,,2.0,
221,59.0,F,Sales,Sales Manager,PhD,15851,5.0,,N,4.0,4.0
222,30.0,M,Finance,Accountant,,17277,,Y,No,3.0,1.0
223,,F,HR,HR Manager,,15k,9.0,Y,N,1.0,3.0
224,21.0,F,IT,System Admin,Master,5k,3.0,No,Y,2.0,4.0
225,28.0,M,IT,System Admin,,7162,,N,No,3.0,3.0
226,59.0,Female,Sales,Sales Executive,Master,16440,,Y,,1.0,4.0
227,,M,Sales,Sales Executive,PhD,19557,28.0,Yes,N,2.0,3.0
228,,Female,Sales,Sales Executive,Master,8125,0.0,,Yes,1.0,2.0
229,49.0,Male,IT,Data Analyst,High School,,,No,,,
230,,Female,HR,HR Manager,,9454,,Yes,N,2.0,2.0
231,,Male,R&D,Research Scientist,,,27.0,Y,Yes,1.0,3.0
232,53.0,M,IT,Data Analyst,,6k,11.0,N,,2.0,1.0
233,,F,IT,Data Analyst,,19k,,Y,Yes,1.0,
234,,Male,IT,System Admin,PhD,5k,,,Yes,2.0,
235,,Female,Finance,Financial Analyst,Bachelor,4555,,Y,Y,1.0,3.0
236,24.0,F,Finance,Accountant,PhD,15k,,No,Yes,1.0,
237,,F,R&D,Research Scientist,PhD,,0.0,No,No,2.0,3.0
238,,M,HR,HR Specialist,High School,17418,6.0,No,N,2.0,
239,,Female,IT,Data Analyst,High School,,2.0,,No,4.0,4.0
240,,F,Finance,Financial Analyst,,,,Y,No,,
241,27.0,M,IT,Developer,High School,15k,2.0,N,N,2.0,1.0
242,51.0,M,Sales,Sales Executive,PhD,,20.0,Y,No,,4.0
243,46.0,Male,IT,System Admin,Bachelor,,15.0,,No,1.0,4.0
244,,Female,IT,Data Analyst,,13419,,,,3.0,1.0
245,22.0,Male,Finance,Financial Analyst,High School,,,Y,N,3.0,
246,47.0,Female,R&D,Research Scientist,,,1.0,,No,1.0,3.0
247,36.0,M,R&D,Lab Technician,Master,3764,12.0,Yes,N,3.0,3.0
248,,Male,Finance,Accountant,Master,4752,,,Yes,3.0,3.0
249,,Male,Finance,Accountant,High School,6632,23.0,N,Y,4.0,4.0
250,,Male,Sales,Sales Manager,High School,20k,18.0,Yes,Yes,4.0,4.0
251,39.0,M,Sales,Sales Manager,Master,17k,,Y,Y,1.0,4.0
252,,Female,Finance,Accountant,High School,11908,27.0,,No,,1.0
253,51.0,Male,HR,HR Specialist,Master,,26.0,Yes,,1.0,
254,52.0,Male,R&D,Lab Technician,,14k,4.0,,N,1.0,4.0
255,,Female,HR,HR Manager,PhD,13418,,Y,Y,,2.0
256,,M,Sales,Sales Executive,PhD,13142,,Y,Yes,,1.0
257,,Male,R&D,Research Scientist,Master,13k,15.0,Y,Yes,,4.0
258,,F,R&D,Lab Technician,High School,3354,4.0,,N,1.0,2.0
259,23.0,Male,Finance,Accountant,PhD,3k,15.0,Y,,1.0,
260,,M,Finance,Accountant,PhD,,,,,1.0,2.0
261,32.0,Male,Sales,Sales Executive,,18k,,N,,1.0,4.0
262,,Female,Sales,Sales Manager,PhD,,1.0,Y,Y,1.0,4.0
263,,Female,Finance,Accountant,Bachelor,8k,26.0,Yes,,,
264,37.0,Female,HR,HR Specialist,PhD,6570,27.0,Y,Yes,2.0,
265,32.0,Male,Finance,Accountant,,4k,2.0,Y,N,2.0,1.0
266,33.0,Female,IT,Data Analyst,,6k,27.0,Y,,4.0,1.0
267,,Female,Sales,Sales Executive,Master,15948,,Y,Y,2.0,3.0
268,,F,R&D,Research Scientist,Bachelor,12k,7.0,,No,,3.0
269,,F,IT,Data Analyst,High School,3k,,N,Yes,1.0,2.0
270,37.0,Male,Finance,Financial Analyst,Bachelor,,,Yes,Yes,1.0,2.0
271,,Male,IT,Developer,,16980,,Y,No,4.0,2.0
272,39.0,F,R&D,Lab Technician,Bachelor,14314,,,Yes,,1.0
273,31.0,Female,Finance,Financial Analyst,,18364,8.0,N,,4.0,1.0
274,47.0,Female,Sales,Sales Executive,PhD,,,,No,2.0,4.0
275,33.0,M,Sales,Sales Manager,PhD,5k,,,N,2.0,4.0
276,27.0,Male,HR,HR Manager,Bachelor,12506,13.0,Y,Y,4.0,2.0
277,,Female,Finance,Accountant,Bachelor,13k,,,No,3.0,4.0
278,41.0,Male,R&D,Lab Technician,,6651,9.0,N,N,4.0,4.0
279,,Female,HR,HR Specialist,,,28.0,N,,3.0,2.0
280,29.0,Female,HR,HR Specialist,PhD,18056,,No,,4.0,4.0
281,23.0,Male,Sales,Sales Manager,Master,18k,,Y,Y,4.0,2.0
282,58.0,M,Sales,Sales Executive,PhD,17968,,,Y,4.0,
283,,F,R&D,Research Scientist,PhD,,21.0,Y,,,
284,,Male,IT,System Admin,Master,13k,,N,Yes,1.0,3.0
285,21.0,Male,HR,HR Specialist,Bachelor,4k,22.0,Yes,Y,1.0,1.0
286,46.0,M,Sales,Sales Manager,High School,6807,11.0,,No,,
287,35.0,M,HR,HR Manager,Master,,19.0,N,Yes,2.0,2.0
288,36.0,Male,R&D,Lab Technician,PhD,12k,,Yes,No,3.0,1.0
289,39.0,M,HR,HR Manager,Bachelor,10193,15.0,Y,N,,
290,,Female,HR,HR Specialist,,,,Yes,Yes,3.0,1.0
291,,F,Sales,Sales Manager,Master,10300,18.0,,N,3.0,1.0
292,,Male,Sales,Sales Manager,Bachelor,,15.0,No,Yes,3.0,2.0
293,,Male,Sales,Sales Executive,High School,19255,18.0,,Y,1.0,1.0
294,37.0,Female,Finance,Accountant,Master,,2.0,Yes,Yes,1.0,2.0
295,,Male,HR,HR Specialist,PhD,10564,,,N,1.0,2.0
296,45.0,Female,Finance,Financial Analyst,PhD,15k,11.0,No,No,1.0,4.0
297,,M,IT,System Admin,Master,,0.0,N,No,2.0,3.0
298,31.0,M,Sales,Sales Executive,,9753,,Yes,No,4.0,3.0
299,,Male,IT,Data Analyst,PhD,10543,,Yes,Yes,,4.0
300,34.0,Female,Finance,Financial Analyst,Bachelor,,,Y,Y,4.0,4.0
301,35.0,M,Finance,Accountant,PhD,,20.0,No,Yes,4.0,
302,,F,R&D,Research Scientist,Bachelor,6316,,N,N,2.0,4.0
303,42.0,Female,Sales,Sales Executive,,,,No,N,4.0,4.0
304,23.0,Female,HR,HR Specialist,Bachelor,7050,,N,Yes,4.0,2.0
305,,F,IT,Data Analyst,High School,,14.0,Y,Y,2.0,2.0
306,,Female,Finance,Financial Analyst,High School,,8.0,,Yes,3.0,
307,,F,Sales,Sales Manager,Bachelor,5k,,,Yes,3.0,4.0
308,,Female,Finance,Financial Analyst,Bachelor,,2.0,N,Y,,2.0
309,,Male,HR,HR Manager,Bachelor,13k,1.0,N,,4.0,
310,,F,IT,System Admin,Master,,23.0,,No,,1.0
311,43.0,F,HR,HR Specialist,High School,5k,3.0,No,No,3.0,3.0
312,44.0,F,Finance,Financial Analyst,PhD,10340,13.0,N,Yes,1.0,1.0
313,,F,Finance,Accountant,Master,14062,12.0,No,,3.0,2.0
314,,Female,Finance,Accountant,Bachelor,3k,,N,N,1.0,2.0
315,,Female,R&D,Lab Technician,High School,11249,7.0,No,,,4.0
316,42.0,Male,Finance,Accountant,Bachelor,8157,,,,,4.0
317,,Female,Sales,Sales Manager,Bachelor,20k,14.0,Y,,2.0,4.0
318,,M,R&D,Research Scientist,,4k,,,N,3.0,1.0
319,,M,HR,HR Manager,,,,No,,,3.0
320,,M,IT,System Admin,PhD,,,,No,1.0,2.0
321,54.0,F,Finance,Accountant,PhD,20k,,,Y,4.0,3.0
322,,Male,R&D,Research Scientist,Bachelor,,,No,,3.0,1.0
323,60.0,F,Sales,Sales Manager,Bachelor,17153,11.0,,N,1.0,
324,38.0,Female,Sales,Sales Executive,Bachelor,14k,26.0,,No,1.0,3.0
325,,F,Finance,Financial Analyst,,10k,,Y,Y,3.0,2.0
326,57.0,Male,HR,HR Manager,PhD,,17.0,N,No,1.0,1.0
327,29.0,F,IT,System Admin,Bachelor,,,,Yes,3.0,4.0
328,48.0,Male,IT,Developer,Master,,22.0,N,,2.0,4.0
329,,F,HR,HR Manager,Master,16050,,,No,2.0,3.0
330,32.0,Female,Finance,Accountant,Bachelor,12k,18.0,,Yes,4.0,2.0
331,28.0,F,R&D,Lab Technician,High School,6467,,Yes,N,,2.0
332,48.0,Female,Sales,Sales Manager,PhD,,,Y,No,1.0,1.0
333,46.0,M,R&D,Lab Technician,Bachelor,4k,15.0,Y,,1.0,1.0
334,,Male,IT,System Admin,High School,16k,,Yes,No,1.0,3.0
335,22.0,Male,IT,Developer,Bachelor,8k,,Y,Yes,3.0,4.0
336,48.0,F,IT,System Admin,Master,,26.0,N,Y,,3.0
337,,F,R&D,Research Scientist,High School,20k,,Yes,No,2.0,
338,,Female,IT,Data Analyst,,11k,,N,N,,4.0
339,35.0,Female,Finance,Financial Analyst,High School,13638,,,Y,,3.0
340,26.0,M,Finance,Accountant,High School,,23.0,N,,1.0,4.0
341,,Female,HR,HR Manager,,9742,18.0,Yes,,4.0,2.0
342,,F,Finance,Accountant,High School,18k,,Y,Y,4.0,1.0
343,,Female,IT,Developer,High School,3k,,Yes,Y,,4.0
344,,F,R&D,Lab Technician,,20k,21.0,Y,No,4.0,4.0
345,,Female,Sales,Sales Manager,,13103,11.0,,Y,4.0,3.0
346,,Male,IT,System Admin,Master,,29.0,Yes,N,1.0,
347,54.0,Male,Sales,Sales Manager,High School,,,,,,4.0
348,,Male,R&D,Research Scientist,PhD,15054,26.0,No,Yes,4.0,1.0
349,,Male,Sales,Sales Manager,High School,12271,25.0,,Y,1.0,
350,43.0,Male,HR,HR Specialist,,12k,5.0,Y,N,4.0,4.0
351,,Female,Sales,Sales Manager,High School,13k,29.0,N,Yes,,1.0
352,,F,R&D,Lab Technician,Bachelor,14964,,N,Y,3.0,3.0
353,,M,IT,System Admin,,,,Y,N,,
354,,M,Finance,Financial Analyst,Bachelor,9345,9.0,N,,2.0,3.0
355,42.0,Male,Finance,Accountant,Master,11k,13.0,Y,Yes,1.0,2.0
356,53.0,M,R&D,Research Scientist,Bachelor,20k,,Yes,No,2.0,1.0
357,54.0,Female,Sales,Sales Executive,High School,3622,,N,,,3.0
358,44.0,Male,R&D,Lab Technician,Master,4457,,Yes,Yes,1.0,4.0
359,33.0,Male,IT,System Admin,PhD,5464,8.0,Y,N,4.0,2.0
360,39.0,Male,R&D,Research Scientist,PhD,14k,2.0,No,,1.0,1.0
361,,Female,R&D,Lab Technician,,,,Yes,Y,2.0,2.0
362,,Female,HR,HR Manager,Master,14k,11.0,Y,N,1.0,4.0
363,,Male,Sales,Sales Manager,PhD,14k,9.0,No,No,,4.0
364,,F,Finance,Financial Analyst,Bachelor,,5.0,,Y,,4.0
365,,Female,IT,System Admin,Master,,30.0,N,No,3.0,1.0
366,56.0,Male,Finance,Accountant,Bachelor,5608,18.0,N,,2.0,
367,,M,HR,HR Manager,PhD,6k,16.0,Yes,N,,2.0
368,,Female,HR,HR Specialist,High School,,,No,Yes,3.0,
369,,Female,Sales,Sales Manager,High School,18016,,Y,N,2.0,
370,,F,Sales,Sales Executive,Master,4k,16.0,,No,3.0,3.0
371,,Male,HR,HR Specialist,,,,,No,3.0,
372,40.0,Female,Sales,Sales Executive,PhD,9203,22.0,,No,4.0,3.0
373,55.0,M,Finance,Accountant,Bachelor,9858,26.0,No,Yes,1.0,2.0
374,58.0,Female,HR,HR Specialist,Bachelor,,,Yes,Y,2.0,1.0
375,,Female,Finance,Financial Analyst,PhD,16k,,Y,Y,1.0,4.0
376,,Male,Finance,Financial Analyst,Bachelor,,11.0,,,4.0,2.0
377,,F,IT,System Admin,,5k,,,,3.0,1.0
378,28.0,M,Finance,Financial Analyst,Bachelor,5865,,,N,3.0,1.0
379,,M,Finance,Financial Analyst,,,,,N,,4.0
380,59.0,M,Sales,Sales Executive,Master,5k,,N,N,2.0,4.0
381,32.0,M,IT,Developer,High School,,,Yes,,3.0,
382,,F,Finance,Financial Analyst,Master,3199,,No,N,2.0,2.0
383,52.0,Male,Finance,Financial Analyst,PhD,,,Yes,Yes,3.0,3.0
384,,Male,Sales,Sales Executive,Master,9k,13.0,,N,4.0,3.0
385,22.0,M,Finance,Financial Analyst,,9k,21.0,N,No,4.0,3.0
386,,Female,IT,Developer,High School,,,,Yes,,
387,36.0,F,HR,HR Specialist,Bachelor,13935,,Yes,No,1.0,1.0
388,54.0,Female,HR,HR Specialist,Bachelor,,,No,N,1.0,4.0
389,,Female,Sales,Sales Manager,Master,5k,14.0,,Yes,4.0,3.0
390,,M,Sales,Sales Executive,Master,17k,,,N,3.0,1.0
391,60.0,Male,Finance,Financial Analyst,High School,14k,28.0,Yes,Y,4.0,1.0
392,,Male,IT,Data Analyst,Bachelor,,,Yes,Y,2.0,1.0
393,,Male,IT,Data Analyst,High School,,,,,1.0,
394,,Male,IT,System Admin,Master,,24.0,Y,Yes,,4.0
395,27.0,F,Sales,Sales Manager,High School,,,,Y,1.0,4.0
396,,Female,R&D,Research Scientist,Bachelor,20k,,No,Y,4.0,1.0
397,34.0,Female,Sales,Sales Manager,Bachelor,5k,,Yes,No,,4.0
398,,Female,Sales,Sales Executive,Bachelor,,,,Y,3.0,2.0
399,51.0,F,IT,Data Analyst,PhD,,,Y,Y,1.0,2.0
400,36.0,F,HR,HR Specialist,Master,,8.0,N,No,3.0,
401,34.0,Female,R&D,Research Scientist,PhD,13585,9.0,N,Yes,,4.0
402,,Male,HR,HR Manager,Bachelor,15k,,Yes,Y,4.0,4.0
403,35.0,F,Sales,Sales Executive,PhD,17k,24.0,,,,2.0
404,55.0,M,R&D,Research Scientist,High School,13k,,Yes,Yes,4.0,
405,47.0,M,HR,HR Specialist,PhD,,23.0,,,3.0,4.0
406,,Female,HR,HR Manager,Bachelor,7k,,Y,Yes,3.0,
407,25.0,M,Sales,Sales Executive,PhD,,,Y,N,2.0,1.0
408,,Male,HR,HR Manager,High School,5684,,N,Yes,2.0,2.0
409,60.0,Male,R&D,Research Scientist,,,15.0,Y,N,4.0,2.0
410,26.0,F,HR,HR Manager,PhD,10808,,,,4.0,3.0
411,47.0,F,Finance,Accountant,PhD,3973,,N,No,1.0,2.0
412,,M,IT,Data Analyst,PhD,17895,,Yes,No,2.0,
413,54.0,M,Finance,Financial Analyst,Master,18313,18.0,N,,1.0,4.0
414,31.0,Male,HR,HR Specialist,High School,16k,28.0,,No,1.0,4.0
415,46.0,F,HR,HR Manager,Master,3895,,Y,,4.0,3.0
416,54.0,M,IT,Data Analyst,Master,16962,,Y,Yes,4.0,1.0
417,26.0,M,IT,Data Analyst,Master,,6.0,Y,Yes,,3.0
418,,F,Finance,Financial Analyst,Bachelor,,,Y,Y,2.0,1.0
419,,Female,HR,HR Manager,High School,10k,4.0,Y,Yes,,
420,,F,IT,System Admin,High School,4k,,N,,,4.0
421,,Female,HR,HR Manager,Master,15584,,Y,No,1.0,4.0
422,22.0,Male,Sales,Sales Manager,High School,12k,23.0,N,No,4.0,
423,53.0,Male,HR,HR Specialist,PhD,11238,24.0,Y,Y,4.0,3.0
424,59.0,Female,IT,Data Analyst,PhD,11993,25.0,Yes,Yes,1.0,4.0
425,,Female,HR,HR Specialist,High School,8927,19.0,Yes,,2.0,1.0
426,,F,Sales,Sales Manager,Master,18587,,No,Y,4.0,3.0
427,,F,Finance,Accountant,PhD,17948,,Yes,Y,2.0,3.0
428,,M,HR,HR Specialist,High School,7k,,,Y,4.0,
429,,F,IT,Data Analyst,PhD,3377,14.0,No,Yes,3.0,1.0
430,37.0,Male,Finance,Accountant,PhD,18k,,Yes,Y,,2.0
431,,Female,HR,HR Manager,PhD,4160,,,No,4.0,1.0
432,,Female,HR,HR Specialist,High School,,22.0,Y,No,2.0,4.0
433,54.0,Male,R&D,Research Scientist,Master,14k,20.0,Yes,N,3.0,3.0
434,,Female,Finance,Accountant,Master,7k,29.0,Y,N,4.0,2.0
435,,M,R&D,Research Scientist,Bachelor,5175,12.0,,Yes,1.0,4.0
436,45.0,Male,HR,HR Manager,Bachelor,,8.0,No,Yes,2.0,3.0
437,30.0,M,Finance,Accountant,Master,,,No,Y,1.0,4.0
438,,F,Finance,Financial Analyst,High School,16525,,N,N,,4.0
439,,Female,Finance,Financial Analyst,High School,19115,27.0,Yes,Y,,3.0
440,60.0,Female,Sales,Sales Executive,Bachelor,10030,,N,,3.0,2.0
441,,Female,HR,HR Specialist,Master,17k,,No,No,,1.0
442,58.0,Male,Finance,Accountant,Bachelor,14k,,No,Yes,4.0,2.0
443,22.0,Female,HR,HR Specialist,,,13.0,Y,,4.0,1.0
444,56.0,Female,HR,HR Specialist,Master,13k,,Yes,N,2.0,1.0
445,,F,Finance,Accountant,Master,18697,,,,,2.0
446,,F,Sales,Sales Manager,High School,8k,,No,Yes,3.0,3.0
447,27.0,Male,R&D,Research Scientist,PhD,,8.0,No,Yes,,2.0
448,,Male,Finance,Financial Analyst,PhD,16k,,,N,,4.0
449,,Female,Finance,Financial Analyst,PhD,17746,,N,N,,2.0
450,31.0,M,Sales,Sales Executive,PhD,,1.0,,No,,4.0
451,48.0,Female,HR,HR Specialist,High School,13k,7.0,Y,No,4.0,2.0
452,51.0,F,R&D,Lab Technician,Bachelor,,,Y,Y,1.0,1.0
453,53.0,M,R&D,Lab Technician,PhD,18483,30.0,N,Yes,3.0,2.0
454,44.0,M,Sales,Sales Executive,Master,18k,16.0,,,,1.0
455,46.0,Male,HR,HR Manager,High School,3k,1.0,No,N,3.0,
456,,Female,HR,HR Specialist,PhD,,3.0,Y,,2.0,2.0
457,,F,HR,HR Specialist,High School,16440,7.0,No,N,,3.0
458,37.0,M,IT,System Admin,,9k,,Yes,Y,3.0,3.0
459,,Female,IT,Developer,High School,5200,16.0,Y,No,4.0,
460,,Male,HR,HR Manager,Master,18687,,N,Y,,3.0
461,27.0,Male,Finance,Financial Analyst,PhD,19k,,Yes,Yes,4.0,4.0
462,60.0,M,IT,System Admin,High School,,,No,,3.0,1.0
463,,Male,R&D,Research Scientist,PhD,9k,4.0,Yes,Y,2.0,
464,,Female,R&D,Research Scientist,PhD,19k,,,N,2.0,4.0
465,54.0,M,IT,Developer,High School,4765,,N,Yes,3.0,2.0
466,,F,IT,System Admin,,4933,5.0,Y,No,3.0,3.0
467,,F,IT,Data Analyst,Bachelor,16852,19.0,No,Yes,1.0,2.0
468,,M,IT,Developer,,14k,,,Y,3.0,4.0
469,22.0,Male,Finance,Accountant,Bachelor,,,N,,,4.0
470,41.0,M,Sales,Sales Manager,PhD,7k,29.0,,,3.0,2.0
471,49.0,Male,HR,HR Specialist,,11250,,Y,Yes,2.0,3.0
472,,Male,HR,HR Manager,Master,5982,,No,N,,1.0
473,,F,Finance,Financial Analyst,Bachelor,18k,29.0,N,,2.0,2.0
474,,F,IT,Developer,High School,,,,N,4.0,3.0
475,45.0,M,IT,Data Analyst,,8181,29.0,Y,Yes,2.0,3.0
476,,M,R&D,Lab Technician,Bachelor,5872,2.0,,No,2.0,1.0
477,,M,Finance,Accountant,,,26.0,N,Y,1.0,
478,43.0,Female,Finance,Financial Analyst,Bachelor,7644,,Yes,No,1.0,1.0
479,,Female,Finance,Accountant,Bachelor,5k,6.0,Yes,Y,,1.0
480,,Female,IT,Developer,Master,15739,13.0,No,Yes,1.0,3.0
481,,Female,R&D,Lab Technician,,,,No,Y,4.0,2.0
482,44.0,F,IT,Developer,Master,,15.0,Y,Y,3.0,1.0
483,22.0,Male,HR,HR Specialist,Bachelor,18233,27.0,Yes,N,1.0,
484,48.0,M,IT,System Admin,,10k,21.0,No,No,1.0,4.0
485,23.0,M,IT,Developer,,,,N,No,,
486,,F,IT,Developer,Bachelor,10920,,Y,,3.0,4.0
487,44.0,M,Sales,Sales Manager,PhD,,,No,N,1.0,2.0
488,42.0,Female,HR,HR Specialist,,16464,,,,4.0,
489,35.0,Male,Sales,Sales Manager,PhD,3379,,Yes,Y,2.0,4.0
490,,F,HR,HR Specialist,PhD,19k,,No,N,4.0,1.0
491,,M,R&D,Lab Technician,Master,11727,,N,No,2.0,1.0
492,55.0,M,Finance,Accountant,High School,5530,,,No,1.0,4.0
493,58.0,M,Finance,Accountant,,,5.0,,Y,2.0,4.0
494,,Male,Sales,Sales Manager,Bachelor,6343,28.0,Y,Y,1.0,2.0
495,48.0,Female,Finance,Financial Analyst,PhD,15024,18.0,Y,,2.0,
496,37.0,Female,HR,HR Specialist,Master,13405,24.0,Yes,Y,2.0,3.0
497,22.0,M,Finance,Financial Analyst,PhD,8822,,Yes,,2.0,4.0
498,50.0,Male,IT,Developer,,8367,26.0,Y,Y,4.0,1.0
499,,M,Finance,Accountant,High School,,5.0,Y,No,,1.0
500,41.0,Male,IT,Developer,Master,9514,,,No,,2.0
501,,Male,HR,HR Manager,Master,12k,22.0,Y,N,2.0,2.0
502,40.0,Female,HR,HR Manager,Bachelor,,1.0,N,Yes,,
503,,M,R&D,Research Scientist,Bachelor,,,Yes,Yes,4.0,3.0
504,60.0,M,Sales,Sales Executive,Bachelor,13905,,Y,No,,1.0
505,,Female,R&D,Research Scientist,Bachelor,7864,,No,Yes,2.0,1.0
506,38.0,Female,Finance,Accountant,PhD,,,No,Yes,4.0,1.0
507,31.0,M,Finance,Financial Analyst,Bachelor,15k,3.0,N,Y,2.0,1.0
508,,M,Finance,Accountant,Master,13759,7.0,,No,,1.0
509,,F,Finance,Financial Analyst,Bachelor,,,N,,2.0,
510,44.0,Male,IT,Developer,High School,9748,8.0,N,,2.0,4.0
511,,M,IT,Data Analyst,High School,18691,14.0,Y,N,2.0,2.0
512,,F,Sales,Sales Manager,Bachelor,19k,29.0,N,No,1.0,3.0
513,36.0,Male,R&D,Research Scientist,,7k,,No,,4.0,
514,,M,Finance,Accountant,High School,19402,24.0,N,Yes,4.0,1.0
515,60.0,Male,Finance,Accountant,High School,,8.0,,Yes,1.0,2.0
516,56.0,F,Sales,Sales Executive,PhD,,,N,N,2.0,4.0
517,38.0,Male,HR,HR Specialist,PhD,14307,23.0,N,N,3.0,2.0
518,28.0,Female,R&D,Lab Technician,Master,5k,,Y,No,1.0,3.0
519,40.0,Male,Sales,Sales Manager,High School,,19.0,N,No,1.0,4.0
520,41.0,M,Sales,Sales Manager,High School,,22.0,,,2.0,4.0
521,29.0,Female,Sales,Sales Manager,PhD,19968,11.0,N,No,,1.0
522,,Male,IT,System Admin,Bachelor,14k,,No,Y,4.0,
523,,Female,HR,HR Specialist,Master,7k,14.0,,No,4.0,2.0
524,,Male,Finance,Financial Analyst,PhD,6k,,Yes,No,3.0,2.0
525,48.0,F,R&D,Research Scientist,PhD,4206,,Y,No,3.0,2.0
526,,F,Sales,Sales Manager,Master,6806,,No,,4.0,
527,44.0,Female,HR,HR Manager,,,7.0,Y,No,3.0,
528,51.0,M,Finance,Accountant,,6034,,Y,Y,3.0,
529,48.0,Male,Finance,Financial Analyst,PhD,7699,,Yes,,,2.0
530,57.0,F,Finance,Financial Analyst,Master,5724,16.0,Y,Yes,2.0,1.0
531,27.0,F,HR,HR Manager,Master,15k,15.0,Yes,Y,1.0,3.0
532,,Female,Sales,Sales Manager,Master,10332,,Yes,No,2.0,4.0
533,29.0,M,Sales,Sales Manager,Bachelor,20k,5.0,,Y,3.0,3.0
534,37.0,F,Finance,Financial Analyst,High School,18026,,N,Y,3.0,1.0
535,26.0,Male,HR,HR Specialist,High School,5704,,,N,2.0,1.0
536,,M,HR,HR Specialist,Master,19498,2.0,Yes,Y,,3.0
537,37.0,M,Sales,Sales Manager,Bachelor,,14.0,,,2.0,2.0
538,,Male,IT,Developer,Master,,16.0,,Y,2.0,3.0
539,,Female,Finance,Financial Analyst,,5289,29.0,N,Yes,3.0,3.0
540,,Male,HR,HR Manager,Master,5784,,Yes,N,,2.0
541,,Male,R&D,Lab Technician,Bachelor,5959,13.0,,No,3.0,
542,,Female,Sales,Sales Manager,High School,11k,18.0,No,N,1.0,3.0
543,42.0,Female,HR,HR Manager,PhD,19k,,Y,,,2.0
544,27.0,M,HR,HR Manager,,4160,,N,Y,4.0,
545,27.0,Female,R&D,Research Scientist,,14k,13.0,Yes,Y,1.0,4.0
546,,F,R&D,Research Scientist,High School,17k,,Y,Y,1.0,2.0
547,,F,Sales,Sales Executive,Bachelor,17088,,,Y,4.0,4.0
548,53.0,M,Finance,Financial Analyst,Master,14720,,,Y,2.0,2.0
549,,F,Finance,Financial Analyst,High School,10883,30.0,Yes,Yes,3.0,2.0
550,36.0,Female,R&D,Lab Technician,High School,,,,Yes,2.0,1.0
551,,M,HR,HR Manager,Master,,,N,,1.0,3.0
552,46.0,Female,Sales,Sales Executive,Bachelor,10451,8.0,Yes,N,1.0,2.0
553,39.0,Female,Finance,Accountant,High School,10k,4.0,Yes,,4.0,3.0
554,29.0,M,HR,HR Manager,Bachelor,14124,,Yes,Yes,,2.0
555,,F,IT,Data Analyst,,3k,,No,,3.0,
556,,F,IT,Data Analyst,PhD,16k,4.0,N,Yes,3.0,
557,51.0,Male,IT,Developer,,7k,,,No,2.0,2.0
558,,M,HR,HR Manager,Master,19210,19.0,N,No,,1.0
559,,Female,IT,Developer,Bachelor,15k,,No,Yes,,1.0
560,51.0,Female,HR,HR Specialist,,14k,10.0,N,Yes,2.0,2.0
561,34.0,M,R&D,Research Scientist,High School,,,Yes,,,
562,25.0,M,R&D,Research Scientist,High School,10k,9.0,Yes,Y,4.0,
563,57.0,Male,R&D,Lab Technician,Bachelor,13554,,N,N,,1.0
564,,F,Finance,Financial Analyst,High School,,,Yes,,,3.0
565,,M,IT,Developer,,12699,18.0,Y,N,1.0,4.0
566,,Male,Sales,Sales Executive,PhD,,5.0,,,3.0,4.0
567,,Male,Sales,Sales Executive,Master,3k,,Yes,No,4.0,1.0
568,,Male,HR,HR Specialist,,,27.0,No,,1.0,2.0
569,,F,IT,Developer,PhD,12357,22.0,No,,2.0,4.0
570,,Female,IT,Developer,Bachelor,13k,,Y,,1.0,1.0
571,39.0,F,Finance,Financial Analyst,,,28.0,Yes,N,1.0,
572,,Female,R&D,Research Scientist,Master,6223,,Y,No,,1.0
573,,Male,Finance,Accountant,High School,,9.0,N,,4.0,3.0
574,53.0,Female,Sales,Sales Manager,Bachelor,,14.0,Y,N,1.0,
575,59.0,Female,HR,HR Specialist,,,28.0,N,No,3.0,4.0
576,,Female,Finance,Financial Analyst,Master,10022,,,No,4.0,3.0
577,38.0,Male,Sales,Sales Executive,,20k,,Y,Y,3.0,2.0
578,,Female,R&D,Lab Technician,Bachelor,,4.0,Yes,,4.0,2.0
579,,Male,IT,System Admin,,10684,,N,Yes,1.0,2.0
580,,F,Sales,Sales Manager,,,7.0,N,N,2.0,2.0
581,29.0,M,IT,Data Analyst,,5985,0.0,No,,3.0,4.0
582,27.0,Male,IT,Developer,PhD,19k,13.0,,No,4.0,2.0
583,45.0,F,R&D,Research Scientist,PhD,5k,19.0,,,,2.0
584,42.0,Female,Sales,Sales Executive,,11665,28.0,N,Y,2.0,
585,,Male,R&D,Research Scientist,,13k,12.0,No,Y,3.0,1.0
586,,Male,HR,HR Specialist,Bachelor,18018,8.0,N,Y,,2.0
587,,Female,R&D,Lab Technician,Master,,27.0,N,N,,2.0
588,43.0,F,HR,HR Manager,Bachelor,,,N,No,4.0,2.0
589,,Female,Finance,Financial Analyst,PhD,,25.0,No,Yes,2.0,4.0
590,28.0,Female,R&D,Lab Technician,,15739,1.0,,,,3.0
591,45.0,Male,IT,Data Analyst,,15k,24.0,No,Yes,2.0,
592,,Female,IT,Developer,,7909,,No,Y,3.0,3.0
593,32.0,F,IT,Developer,Bachelor,,,Y,,4.0,4.0
594,,F,R&D,Research Scientist,High School,14904,,No,No,2.0,3.0
595,39.0,F,HR,HR Specialist,High School,12k,10.0,No,N,3.0,4.0
596,25.0,Male,IT,Data Analyst,PhD,,,No,,1.0,3.0
597,,Female,HR,HR Manager,,10221,,N,Yes,2.0,1.0
598,37.0,F,IT,System Admin,High School,,,N,N,,2.0
599,,Male,Finance,Accountant,Bachelor,5377,,Yes,No,,3.0
600,38.0,F,Finance,Accountant,High School,,16.0,,No,1.0,3.0
601,56.0,M,R&D,Lab Technician,Bachelor,11k,23.0,Yes,Y,3.0,2.0
602,30.0,Female,R&D,Lab Technician,,11k,20.0,,,1.0,2.0
603,,M,Finance,Accountant,Master,12k,,No,N,3.0,2.0
604,57.0,M,HR,HR Manager,High School,12k,,Yes,,,4.0
605,45.0,Female,Finance,Accountant,High School,3k,,Yes,Yes,4.0,
606,59.0,Male,Sales,Sales Executive,High School,17k,,,No,4.0,1.0
607,,Female,Finance,Financial Analyst,Master,,,,Yes,2.0,3.0
608,23.0,F,IT,Data Analyst,PhD,20k,,N,Y,2.0,2.0
609,49.0,Male,Finance,Financial Analyst,PhD,7k,1.0,Yes,,4.0,3.0
610,48.0,M,Sales,Sales Manager,PhD,13k,9.0,Yes,Yes,4.0,1.0
611,,F,Finance,Financial Analyst,High School,16k,,Yes,Y,1.0,1.0
612,,Male,Finance,Financial Analyst,Master,16k,,Yes,,1.0,
613,40.0,F,HR,HR Manager,PhD,15k,10.0,Yes,N,2.0,2.0
614,21.0,M,IT,Data Analyst,High School,14588,,N,Y,,3.0
615,,F,R&D,Lab Technician,Bachelor,,9.0,No,Y,4.0,1.0
616,23.0,Male,IT,Developer,PhD,8k,,N,Yes,2.0,
617,52.0,F,R&D,Lab Technician,Master,,1.0,No,Y,4.0,1.0
618,57.0,Male,Finance,Accountant,Master,18k,,N,N,4.0,4.0
619,,Male,IT,Developer,,,0.0,Y,Y,2.0,3.0
620,,Male,R&D,Research Scientist,Bachelor,,2.0,N,N,2.0,2.0
621,58.0,Female,HR,HR Specialist,Bachelor,,18.0,Yes,Y,3.0,3.0
622,,M,R&D,Research Scientist,Bachelor,15223,25.0,,N,3.0,
623,38.0,M,R&D,Research Scientist,PhD,,,Y,N,4.0,2.0
624,,M,Finance,Accountant,PhD,20k,,Y,Y,3.0,4.0
625,,F,Sales,Sales Manager,High School,12k,,No,N,3.0,2.0
626,,Female,Sales,Sales Executive,,12514,30.0,Yes,Y,1.0,
627,36.0,Male,HR,HR Specialist,PhD,,24.0,No,N,1.0,3.0
628,28.0,Female,HR,HR Specialist,High School,19932,,,No,4.0,1.0
629,,F,HR,HR Specialist,PhD,8k,21.0,,Y,1.0,1.0
630,52.0,F,R&D,Lab Technician,Bachelor,20k,30.0,No,N,4.0,3.0
631,58.0,Female,HR,HR Specialist,Bachelor,17203,27.0,No,Y,,1.0
632,,M,R&D,Lab Technician,Bachelor,7359,25.0,Yes,No,4.0,
633,25.0,Female,Finance,Accountant,Master,,7.0,No,Y,,2.0
634,,Male,Sales,Sales Executive,PhD,9574,,No,Y,,4.0
635,57.0,M,R&D,Research Scientist,High School,,,Y,Y,,1.0
636,29.0,Female,R&D,Lab Technician,High School,18k,15.0,No,No,1.0,3.0
637,26.0,M,Finance,Accountant,PhD,8k,,N,,,3.0
638,,Male,Finance,Accountant,Bachelor,,27.0,,Y,1.0,4.0
639,23.0,M,IT,Data Analyst,Bachelor,11313,2.0,,,4.0,2.0
640,60.0,Female,R&D,Research Scientist,High School,17790,,Yes,,2.0,1.0
641,,Female,Sales,Sales Executive,High School,19657,20.0,No,Yes,,3.0
642,34.0,M,HR,HR Specialist,High School,,,No,No,3.0,4.0
643,59.0,Male,HR,HR Specialist,PhD,,26.0,No,No,3.0,
644,,Male,R&D,Research Scientist,High School,3414,,,No,4.0,1.0
645,23.0,Female,IT,System Admin,Master,16703,,Yes,,4.0,3.0
646,,Female,Sales,Sales Manager,High School,,2.0,N,N,3.0,1.0
647,,M,HR,HR Specialist,,17k,8.0,Yes,No,2.0,
648,46.0,Female,Sales,Sales Manager,,4524,,,Y,,
649,28.0,F,IT,System Admin,Bachelor,15k,21.0,N,Y,2.0,1.0
650,45.0,Female,HR,HR Manager,High School,,,No,Y,4.0,2.0
651,48.0,Female,Finance,Accountant,PhD,,13.0,N,N,2.0,1.0
652,37.0,F,IT,Developer,,16k,,Yes,No,4.0,4.0
653,56.0,Female,R&D,Lab Technician,PhD,15494,,Yes,Y,,
654,52.0,F,Finance,Accountant,Master,17k,,No,,4.0,1.0
655,50.0,F,Sales,Sales Manager,,8840,27.0,N,N,3.0,2.0
656,,Male,HR,HR Specialist,High School,4023,,Y,Yes,2.0,3.0
657,29.0,Female,Sales,Sales Executive,Master,20k,,No,N,,2.0
658,38.0,F,HR,HR Specialist,PhD,11k,,Y,Y,4.0,
659,48.0,F,R&D,Research Scientist,Master,,25.0,N,Y,2.0,1.0
660,,F,R&D,Lab Technician,High School,12k,15.0,Yes,Y,4.0,3.0
661,26.0,Female,Finance,Accountant,,,5.0,No,Y,4.0,1.0
662,38.0,Female,IT,System Admin,Master,,18.0,Yes,Yes,3.0,1.0
663,32.0,M,HR,HR Manager,PhD,12112,7.0,No,Yes,,3.0
664,,F,Finance,Accountant,Master,19328,,,Y,4.0,3.0
665,,M,IT,Developer,Bachelor,9k,,Y,Y,4.0,
666,,Male,IT,Data Analyst,High School,,,No,Yes,,1.0
667,60.0,Male,Sales,Sales Executive,,,,Y,No,1.0,3.0
668,58.0,F,Finance,Financial Analyst,Bachelor,3k,2.0,Y,N,,
669,,M,Finance,Financial Analyst,,,,N,Yes,1.0,2.0
670,49.0,Female,HR,HR Specialist,Bachelor,,20.0,Yes,No,,2.0
671,,Female,R&D,Research Scientist,PhD,6k,30.0,Yes,No,3.0,1.0
672,21.0,F,R&D,Research Scientist,,,,,Y,3.0,1.0
673,,M,HR,HR Specialist,,,,No,,3.0,4.0
674,21.0,Male,Sales,Sales Executive,,11k,,Y,N,,3.0
675,,M,IT,Developer,PhD,8016,,,Yes,2.0,
676,,Male,IT,System Admin,,16k,,Yes,Yes,,1.0
677,,Female,IT,Data Analyst,Bachelor,19221,,N,,,4.0
678,,Male,Sales,Sales Executive,PhD,16k,,N,No,3.0,4.0
679,37.0,Male,HR,HR Specialist,Master,,28.0,N,N,,4.0
680,,M,Finance,Financial Analyst,Bachelor,12k,,Y,Y,1.0,2.0
681,,Male,R&D,Lab Technician,,10k,,Y,No,1.0,3.0
682,55.0,Male,HR,HR Manager,,20k,,N,N,1.0,2.0
683,,M,Finance,Financial Analyst,Master,14842,,,Yes,1.0,
684,,Female,IT,System Admin,Master,19k,,Y,Yes,3.0,3.0
685,,Male,IT,Developer,PhD,18121,20.0,No,No,2.0,4.0
686,,Female,IT,Data Analyst,Bachelor,7861,,Yes,,4.0,2.0
687,34.0,M,Sales,Sales Manager,,12153,,N,N,2.0,4.0
688,39.0,Female,HR,HR Specialist,High School,17k,,N,,1.0,3.0
689,58.0,Female,R&D,Lab Technician,,8k,,No,No,4.0,
690,,M,HR,HR Specialist,Master,3388,25.0,Yes,No,4.0,
691,,F,R&D,Lab Technician,Bachelor,,,No,Y,,
692,50.0,M,HR,HR Specialist,High School,20k,,Y,N,,2.0
693,33.0,M,HR,HR Specialist,Master,4911,12.0,N,Yes,,1.0
694,27.0,Male,IT,Data Analyst,Master,15171,,No,,2.0,3.0
695,30.0,Female,Finance,Accountant,Master,14288,3.0,Y,No,4.0,2.0
696,35.0,Female,Sales,Sales Manager,Master,,17.0,No,,,3.0
697,,F,IT,Data Analyst,Bachelor,,24.0,No,Yes,,4.0
698,,Female,IT,Data Analyst,Bachelor,12k,,No,Y,3.0,1.0
699,,F,IT,System Admin,,,2.0,N,Y,2.0,4.0
700,,F,R&D,Lab Technician,,17030,29.0,No,,3.0,1.0
701,,Male,Finance,Financial Analyst,High School,9151,23.0,No,Yes,1.0,4.0
702,32.0,Male,Sales,Sales Executive,High School,15143,17.0,N,Yes,,1.0
703,48.0,Male,HR,HR Specialist,Master,6737,,Yes,N,4.0,3.0
704,,Female,Finance,Accountant,High School,5k,,Y,N,2.0,4.0
705,45.0,F,Sales,Sales Executive,Bachelor,3k,30.0,N,No,1.0,
706,52.0,Female,Finance,Accountant,Bachelor,,14.0,Y,Y,4.0,3.0
707,,M,HR,HR Manager,,4737,,No,Yes,,2.0
708,22.0,M,IT,Data Analyst,PhD,11255,24.0,No,No,2.0,1.0
709,30.0,M,Finance,Financial Analyst,PhD,,15.0,No,Y,4.0,3.0
710,52.0,F,R&D,Lab Technician,PhD,,17.0,Yes,No,3.0,1.0
711,,Female,IT,Developer,PhD,19k,,N,Yes,2.0,3.0
712,44.0,Male,Finance,Accountant,,,3.0,N,N,,
713,21.0,Male,R&D,Research Scientist,Master,20k,17.0,Y,N,4.0,4.0
714,33.0,Male,IT,System Admin,Master,11k,,Yes,N,,1.0
715,26.0,Female,IT,Developer,Bachelor,,19.0,Yes,Y,1.0,3.0
716,22.0,Male,IT,System Admin,Bachelor,,20.0,No,Y,4.0,3.0
717,27.0,M,Finance,Accountant,Bachelor,,2.0,,No,,
718,46.0,Male,R&D,Research Scientist,PhD,,,Y,N,1.0,
719,57.0,Female,R&D,Research Scientist,High School,9k,23.0,Y,Y,3.0,2.0
720,28.0,M,HR,HR Specialist,Bachelor,17151,29.0,Yes,Y,,
721,53.0,F,Sales,Sales Manager,Bachelor,3849,,Y,Yes,4.0,
722,,F,Finance,Accountant,PhD,,,Yes,,,4.0
723,49.0,Male,R&D,Research Scientist,PhD,13512,,Yes,Yes,4.0,2.0
724,,F,Sales,Sales Manager,Bachelor,20k,3.0,Y,Y,,
725,44.0,M,R&D,Research Scientist,Bachelor,8k,5.0,N,N,,1.0
726,34.0,M,Sales,Sales Executive,PhD,13793,,Yes,Yes,2.0,2.0
727,34.0,F,Sales,Sales Manager,,8k,3.0,Yes,Yes,,4.0
728,41.0,F,Sales,Sales Executive,High School,,26.0,Y,Y,4.0,4.0
729,27.0,Female,Finance,Financial Analyst,PhD,19290,5.0,,Y,2.0,4.0
730,30.0,Male,Sales,Sales Executive,Bachelor,,27.0,Y,,1.0,
731,33.0,F,R&D,Research Scientist,Bachelor,,,N,Y,,2.0
732,,Male,Finance,Financial Analyst,Master,13k,28.0,Yes,,3.0,1.0
733,,M,IT,Data Analyst,Bachelor,6438,21.0,N,,1.0,4.0
734,,M,IT,Developer,Bachelor,16k,,No,No,,2.0
735,,Male,R&D,Research Scientist,Bachelor,13077,,Y,N,2.0,
736,,M,HR,HR Manager,High School,7k,,,Y,4.0,1.0
737,,F,IT,System Admin,PhD,11255,,No,Y,2.0,4.0
738,,F,R&D,Lab Technician,PhD,,22.0,No,,,
739,,Female,R&D,Research Scientist,Master,16k,19.0,No,No,1.0,2.0
740,24.0,F,Finance,Financial Analyst,Master,,4.0,,Y,3.0,4.0
741,,Male,Finance,Accountant,Bachelor,7122,,Yes,Y,2.0,1.0
742,47.0,F,Finance,Accountant,Bachelor,,18.0,Yes,N,3.0,4.0
743,31.0,Male,R&D,Lab Technician,Bachelor,,,Yes,Y,2.0,
744,52.0,Female,R&D,Research Scientist,,9804,15.0,Y,Y,1.0,1.0
745,26.0,Female,Finance,Accountant,High School,16037,3.0,No,N,,1.0
746,,Male,IT,Data Analyst,Bachelor,4k,26.0,,No,4.0,4.0
747,53.0,Female,IT,Data Analyst,Bachelor,18463,12.0,Y,Y,,3.0
748,55.0,Female,Sales,Sales Executive,,7852,,N,Y,4.0,
749,37.0,Female,HR,HR Manager,Bachelor,5773,29.0,,,2.0,2.0
750,,Male,R&D,Lab Technician,Bachelor,,19.0,,,3.0,
751,,Male,R&D,Research Scientist,High School,4k,15.0,Yes,No,2.0,2.0
752,26.0,F,HR,HR Specialist,,,16.0,,N,,1.0
753,55.0,Male,Finance,Financial Analyst,High School,4109,22.0,Yes,Yes,1.0,3.0
754,57.0,F,Finance,Accountant,Master,,4.0,,,3.0,2.0
755,46.0,Male,Sales,Sales Manager,Master,4k,20.0,Yes,No,1.0,
756,47.0,M,IT,Data Analyst,Master,,17.0,Yes,Y,3.0,4.0
757,,Male,Finance,Accountant,High School,,20.0,Yes,Yes,,
758,54.0,F,R&D,Lab Technician,High School,15092,,,No,4.0,4.0
759,48.0,M,HR,HR Manager,Master,,,,,,2.0
760,44.0,F,HR,HR Manager,Bachelor,9235,5.0,N,N,4.0,2.0
761,47.0,F,HR,HR Manager,PhD,,,,Y,3.0,1.0
762,,F,IT,Developer,PhD,,13.0,No,Yes,3.0,2.0
763,,Male,Sales,Sales Manager,Bachelor,3377,,N,,2.0,3.0
764,21.0,M,HR,HR Manager,Bachelor,,11.0,,,1.0,1.0
765,47.0,M,IT,Data Analyst,Bachelor,5405,,No,,1.0,2.0
766,,F,Finance,Financial Analyst,,14k,,Y,Y,,3.0
767,,F,Sales,Sales Manager,PhD,15k,,No,No,,4.0
768,,Male,Finance,Financial Analyst,PhD,14k,8.0,Y,,4.0,3.0
769,,Female,Sales,Sales Manager,Master,,20.0,No,Y,,3.0
770,,Male,R&D,Lab Technician,Bachelor,8k,12.0,,Yes,2.0,4.0
771,,F,Sales,Sales Executive,Master,17k,,Y,Yes,,2.0
772,,M,R&D,Lab Technician,,7k,,N,,3.0,
773,,M,Finance,Accountant,Master,13k,,Yes,N,3.0,
774,40.0,Female,HR,HR Specialist,PhD,,,,Yes,4.0,1.0
775,49.0,Male,Finance,Accountant,Master,10k,,No,Yes,2.0,1.0
776,40.0,Female,Finance,Accountant,Master,17k,,,N,2.0,1.0
777,,Male,IT,System Admin,,8031,,N,Y,3.0,4.0
778,,F,R&D,Lab Technician,,6460,,,No,4.0,4.0
779,52.0,M,Sales,Sales Manager,PhD,,30.0,Yes,,1.0,1.0
780,60.0,Male,Sales,Sales Manager,Bachelor,,,No,Yes,1.0,1.0
781,49.0,F,Finance,Financial Analyst,Master,4k,,,,4.0,
782,30.0,Male,IT,Data Analyst,,,,No,N,1.0,4.0
783,,Female,IT,System Admin,Bachelor,11579,28.0,Y,Yes,1.0,
784,,Male,Sales,Sales Manager,Bachelor,5032,,Yes,No,1.0,2.0
785,,M,Sales,Sales Executive,PhD,10521,10.0,N,No,,2.0
786,28.0,F,Finance,Financial Analyst,,5k,7.0,Y,N,,2.0
787,,Male,IT,System Admin,High School,,,Y,,2.0,1.0
788,41.0,Male,IT,Developer,Bachelor,,,No,N,3.0,1.0
789,,M,Finance,Financial Analyst,PhD,18003,,,,,4.0
790,42.0,Female,IT,Data Analyst,High School,,30.0,Y,N,2.0,4.0
791,29.0,M,Sales,Sales Manager,Bachelor,,,N,Y,1.0,3.0
792,27.0,Female,IT,Developer,Bachelor,,30.0,,N,4.0,4.0
793,31.0,Female,Sales,Sales Manager,Master,8k,,,Yes,4.0,1.0
794,25.0,F,Sales,Sales Executive,Bachelor,16727,,Y,Yes,4.0,3.0
795,49.0,Male,Finance,Financial Analyst,PhD,5k,24.0,Y,Y,4.0,
796,,Male,Sales,Sales Manager,PhD,16541,,Yes,N,3.0,3.0
797,29.0,F,Sales,Sales Executive,PhD,20k,,Y,Yes,3.0,1.0
798,,M,Finance,Accountant,PhD,,,No,,4.0,1.0
799,,M,IT,Data Analyst,High School,6751,8.0,N,Y,3.0,1.0
800,,F,Finance,Accountant,Master,18955,9.0,No,,4.0,2.0
801,26.0,M,Sales,Sales Manager,PhD,4k,16.0,,Yes,,2.0
802,,Female,R&D,Research Scientist,Master,,13.0,Yes,N,1.0,4.0
803,37.0,M,IT,System Admin,Master,,,No,N,2.0,
804,,F,Sales,Sales Manager,Master,17267,,,Yes,4.0,2.0
805,,F,Sales,Sales Executive,Bachelor,17941,8.0,Y,Yes,,4.0
806,,Male,HR,HR Manager,PhD,10k,5.0,No,N,4.0,4.0
807,,Female,Finance,Accountant,High School,,4.0,No,,4.0,3.0
808,,M,R&D,Research Scientist,Bachelor,3k,15.0,Yes,Y,,4.0
809,26.0,F,HR,HR Manager,Bachelor,,8.0,No,,3.0,1.0
810,,F,Sales,Sales Manager,,,,No,N,4.0,4.0
811,,Male,R&D,Lab Technician,Bachelor,12694,,,Yes,2.0,2.0
812,30.0,M,R&D,Lab Technician,PhD,11184,7.0,,Y,,
813,,Male,R&D,Research Scientist,High School,6k,,Y,N,,2.0
814,26.0,Female,Finance,Financial Analyst,,3152,12.0,,N,1.0,3.0
815,31.0,F,IT,Data Analyst,Bachelor,19103,28.0,Y,N,2.0,2.0
816,,Male,R&D,Research Scientist,PhD,7k,,N,No,4.0,
817,35.0,Female,HR,HR Manager,High School,,,Yes,No,,4.0
818,,M,R&D,Research Scientist,Master,19k,,Yes,Yes,3.0,2.0
819,35.0,Male,Sales,Sales Manager,,,,Y,Yes,4.0,1.0
820,26.0,Male,IT,Developer,PhD,3k,,No,,3.0,2.0
821,26.0,F,Finance,Financial Analyst,Master,,,No,N,1.0,
822,26.0,F,IT,Developer,Bachelor,15k,,Y,,3.0,
823,32.0,Female,R&D,Lab Technician,Bachelor,9k,18.0,Yes,Yes,2.0,3.0
824,52.0,M,IT,Developer,Bachelor,,,,Y,,4.0
825,,Female,Finance,Accountant,Bachelor,,,,N,2.0,1.0
826,,M,R&D,Lab Technician,Master,,4.0,No,Y,,3.0
827,,F,IT,Developer,PhD,11k,2.0,N,,1.0,
828,,Male,Sales,Sales Manager,PhD,3k,,Y,,1.0,1.0
829,42.0,F,Sales,Sales Executive,,18319,26.0,Y,No,2.0,3.0
830,,Male,HR,HR Manager,,18942,,,,4.0,
831,,M,IT,System Admin,,17318,2.0,N,N,4.0,2.0
832,47.0,Male,HR,HR Manager,High School,14k,,N,N,1.0,4.0
833,45.0,F,R&D,Research Scientist,Bachelor,,,Yes,No,4.0,4.0
834,33.0,Male,IT,Data Analyst,Master,7k,,No,Y,,3.0
835,,F,R&D,Research Scientist,Master,8051,1.0,,Y,4.0,1.0
836,42.0,Male,HR,HR Specialist,,4183,21.0,Y,,2.0,4.0
837,,Female,IT,System Admin,Bachelor,6k,8.0,Yes,N,,2.0
838,,F,IT,Data Analyst,High School,7k,8.0,Yes,,1.0,4.0
839,,Female,R&D,Research Scientist,PhD,,,No,N,,4.0
840,46.0,Male,IT,Developer,PhD,19078,,No,Yes,2.0,2.0
841,47.0,Male,R&D,Research Scientist,Master,11732,4.0,No,,4.0,1.0
842,,Female,IT,Developer,PhD,7k,18.0,,,,2.0
843,51.0,Female,Sales,Sales Manager,Master,8453,0.0,N,Yes,2.0,
844,,F,HR,HR Specialist,Master,,,No,Y,1.0,1.0
845,54.0,M,Finance,Financial Analyst,High School,6581,13.0,Yes,No,1.0,2.0
846,,Female,Finance,Accountant,PhD,3883,,Yes,Yes,2.0,1.0
847,,F,IT,Developer,PhD,12k,6.0,Y,N,1.0,
848,,Male,R&D,Research Scientist,,17001,,Yes,,2.0,1.0
849,42.0,F,Sales,Sales Executive,Master,18389,13.0,Yes,No,,1.0
850,,Female,IT,System Admin,High School,,,No,N,1.0,2.0
851,53.0,Male,Sales,Sales Manager,,20k,8.0,Yes,Yes,4.0,3.0
852,31.0,M,R&D,Lab Technician,,,3.0,N,Y,2.0,1.0
853,57.0,Female,IT,System Admin,High School,,,Y,No,1.0,2.0
854,43.0,Male,HR,HR Manager,Master,,14.0,N,Y,4.0,
855,26.0,Female,Sales,Sales Manager,Bachelor,3k,21.0,Y,Y,4.0,1.0
856,48.0,Male,IT,Developer,,,17.0,,No,,4.0
857,51.0,M,R&D,Research Scientist,,9k,,No,N,,2.0
858,,F,R&D,Lab Technician,,20k,27.0,,Y,3.0,2.0
859,,Female,IT,System Admin,PhD,9k,,Yes,,3.0,
860,21.0,F,Finance,Financial Analyst,High School,,26.0,,Y,3.0,3.0
861,60.0,M,Finance,Accountant,,11k,,,N,2.0,1.0
862,34.0,Female,HR,HR Manager,PhD,3k,1.0,Y,No,2.0,1.0
863,56.0,F,HR,HR Specialist,,15882,12.0,Yes,No,3.0,4.0
864,,Female,HR,HR Manager,PhD,,,Yes,Yes,,
865,,M,Finance,Financial Analyst,,6089,29.0,,,,1.0
866,42.0,Male,IT,System Admin,High School,11k,,No,Yes,1.0,3.0
867,50.0,F,Sales,Sales Manager,,4435,14.0,,Yes,,4.0
868,,M,R&D,Lab Technician,,,9.0,N,Yes,4.0,1.0
869,34.0,Male,Sales,Sales Executive,High School,,5.0,,Yes,,3.0
870,39.0,Female,HR,HR Specialist,High School,4k,10.0,N,Y,2.0,
871,,Male,Sales,Sales Manager,PhD,6k,,N,Yes,2.0,
872,,M,HR,HR Manager,PhD,8k,,Yes,N,2.0,4.0
873,59.0,M,Sales,Sales Executive,Master,,18.0,,Y,,
874,,Male,Sales,Sales Executive,,6k,23.0,Y,N,,1.0
875,55.0,Male,IT,System Admin,,,,Yes,,2.0,2.0
876,,F,HR,HR Specialist,Bachelor,9749,6.0,,N,4.0,3.0
877,,M,IT,Data Analyst,,,,No,No,,
878,47.0,M,Sales,Sales Manager,High School,14k,,Y,No,1.0,
879,,Female,IT,Data Analyst,,6664,13.0,N,Yes,2.0,
880,,M,R&D,Research Scientist,,,,,Yes,1.0,2.0
881,43.0,Male,HR,HR Specialist,High School,,7.0,N,N,3.0,
882,49.0,F,R&D,Research Scientist,PhD,10k,18.0,Yes,Y,4.0,2.0
883,,M,HR,HR Specialist,Master,,,Yes,Y,1.0,4.0
884,,Female,R&D,Research Scientist,Master,,9.0,,N,3.0,2.0
885,52.0,Male,Sales,Sales Manager,High School,8128,13.0,N,Yes,3.0,
886,33.0,M,IT,Data Analyst,Master,,,No,,,4.0
887,,M,Sales,Sales Executive,High School,7710,,Yes,No,,3.0
888,,Female,Sales,Sales Manager,,4594,,Y,Y,1.0,
889,,F,Finance,Accountant,Bachelor,,,,Yes,1.0,1.0
890,25.0,M,HR,HR Manager,High School,17837,26.0,Y,,2.0,4.0
891,22.0,M,Finance,Accountant,High School,13030,1.0,Y,,,4.0
892,,F,HR,HR Manager,,17775,,Y,N,2.0,1.0
893,,Male,Finance,Financial Analyst,High School,20k,27.0,,Yes,2.0,1.0
894,37.0,F,Sales,Sales Executive,Master,10116,18.0,N,Yes,1.0,
895,,Male,Finance,Accountant,Bachelor,13k,,No,No,3.0,1.0
896,48.0,M,HR,HR Specialist,Bachelor,14k,,N,No,1.0,3.0
897,,F,Sales,Sales Executive,,,11.0,Y,Yes,1.0,4.0
898,,Female,Sales,Sales Executive,High School,14471,,,,4.0,2.0
899,56.0,Male,Finance,Accountant,,12k,,Yes,Y,3.0,2.0
900,49.0,Male,R&D,Research Scientist,Master,,24.0,N,Y,4.0,3.0
901,,Male,Sales,Sales Manager,High School,,,,,2.0,
902,60.0,Female,IT,Data Analyst,High School,8283,14.0,N,Y,1.0,4.0
903,,Male,HR,HR Specialist,Master,,5.0,Yes,,1.0,
904,,M,R&D,Lab Technician,PhD,12496,,N,No,3.0,2.0
905,,M,Finance,Financial Analyst,Master,,,No,N,2.0,4.0
906,,F,HR,HR Specialist,High School,4289,21.0,No,N,4.0,1.0
907,28.0,Female,Finance,Accountant,PhD,13k,21.0,N,No,,1.0
908,49.0,F,IT,Developer,High School,16868,,Yes,Yes,4.0,3.0
909,,Female,Sales,Sales Manager,High School,12581,,,Yes,4.0,4.0
910,,Female,R&D,Lab Technician,High School,3057,,No,Yes,1.0,4.0
911,,M,Finance,Accountant,Master,16055,,,Yes,4.0,3.0
912,,Male,Finance,Accountant,PhD,9348,28.0,Y,No,4.0,
913,,Female,IT,Data Analyst,Bachelor,,,Yes,No,4.0,
914,45.0,Male,HR,HR Specialist,Bachelor,,20.0,No,Yes,2.0,1.0
915,29.0,Female,Sales,Sales Manager,Bachelor,11k,,N,Yes,4.0,4.0
916,42.0,Female,Finance,Financial Analyst,,15211,16.0,,No,3.0,2.0
917,39.0,Male,Sales,Sales Executive,,,,N,,,
918,,Female,HR,HR Specialist,Master,,23.0,,Y,3.0,3.0
919,,Female,R&D,Lab Technician,PhD,,11.0,,Yes,2.0,4.0
920,59.0,Male,HR,HR Manager,PhD,3636,13.0,N,Yes,3.0,1.0
921,,M,Finance,Accountant,Master,4397,21.0,N,No,2.0,2.0
922,54.0,F,Finance,Accountant,PhD,10776,14.0,No,No,2.0,2.0
923,,F,HR,HR Specialist,Master,5k,,Y,,4.0,4.0
924,46.0,M,IT,Data Analyst,PhD,18490,13.0,Yes,Y,1.0,
925,,M,R&D,Lab Technician,PhD,,17.0,,,4.0,
926,29.0,Male,R&D,Lab Technician,Master,17k,24.0,,Yes,3.0,2.0
927,,Female,HR,HR Manager,PhD,,28.0,N,,3.0,4.0
928,,Female,Finance,Financial Analyst,PhD,4736,,Y,No,1.0,3.0
929,,Male,Sales,Sales Manager,High School,10817,,N,N,3.0,3.0
930,40.0,Female,R&D,Lab Technician,Bachelor,5165,27.0,N,N,2.0,
931,,M,HR,HR Specialist,Master,9k,28.0,N,,,
932,43.0,F,IT,Data Analyst,,15499,,,N,,3.0
933,,M,HR,HR Specialist,,7k,24.0,No,No,2.0,3.0
934,,Female,IT,Data Analyst,Master,10k,,,N,3.0,1.0
935,,Female,Finance,Accountant,Bachelor,11k,,Yes,,,4.0
936,,M,R&D,Research Scientist,Master,19k,26.0,N,,4.0,4.0
937,56.0,M,Sales,Sales Manager,PhD,16238,22.0,No,No,,2.0
938,,Female,HR,HR Specialist,PhD,6k,,N,Y,,4.0
939,,F,Finance,Accountant,Master,,2.0,No,Y,4.0,3.0
940,,M,IT,System Admin,,5k,0.0,Yes,Y,3.0,2.0
941,,Female,Sales,Sales Executive,Bachelor,17823,25.0,N,,3.0,2.0
942,37.0,Female,IT,Data Analyst,PhD,,,Yes,Yes,2.0,1.0
943,,Male,R&D,Research Scientist,Bachelor,4k,29.0,N,Yes,1.0,2.0
944,,Female,Sales,Sales Executive,,,,Yes,No,4.0,2.0
945,,Male,R&D,Research Scientist,,7k,9.0,Yes,Y,2.0,2.0
946,55.0,M,HR,HR Specialist,PhD,18k,,,Y,,3.0
947,37.0,Female,HR,HR Specialist,High School,5k,,Y,No,3.0,1.0
948,,Female,Sales,Sales Manager,Bachelor,,18.0,No,N,1.0,4.0
949,,M,HR,HR Manager,Bachelor,12687,7.0,Y,No,3.0,2.0
950,,Male,IT,System Admin,Bachelor,8538,,N,No,4.0,
951,,F,IT,Developer,High School,13k,,,No,4.0,2.0
952,22.0,M,Finance,Accountant,,11221,19.0,,No,1.0,1.0
953,,Female,HR,HR Specialist,PhD,,,,No,1.0,4.0
954,,Female,Finance,Accountant,High School,19k,13.0,,N,3.0,4.0
955,34.0,Female,IT,System Admin,Master,,,,Yes,1.0,4.0
956,,M,Finance,Accountant,,5257,18.0,,Y,4.0,3.0
957,57.0,Male,IT,Developer,Bachelor,,25.0,,Yes,2.0,1.0
958,40.0,Male,R&D,Lab Technician,,,16.0,,No,1.0,
959,48.0,Male,IT,Data Analyst,,19484,,Y,No,1.0,2.0
960,,F,IT,Developer,PhD,10k,1.0,No,N,4.0,4.0
961,26.0,F,IT,Developer,Master,8k,6.0,Yes,N,4.0,4.0
962,,Male,Finance,Financial Analyst,High School,,,,N,2.0,2.0
963,58.0,F,HR,HR Specialist,High School,,,No,N,,1.0
964,39.0,Female,IT,System Admin,High School,16k,12.0,No,,3.0,1.0
965,,F,R&D,Lab Technician,High School,7k,6.0,Yes,Yes,,4.0
966,,F,HR,HR Specialist,,17465,,,Y,2.0,3.0
967,,M,HR,HR Specialist,PhD,7584,14.0,Y,N,4.0,
968,,F,Sales,Sales Executive,,13191,5.0,,N,4.0,2.0
969,51.0,M,R&D,Lab Technician,PhD,16772,26.0,Y,N,3.0,3.0
970,,Female,IT,Data Analyst,Master,17k,,Y,N,4.0,2.0
971,,Female,HR,HR Specialist,,17126,,,N,,2.0
972,,F,HR,HR Manager,,5630,2.0,No,N,2.0,
973,50.0,M,IT,Developer,High School,16k,1.0,Yes,N,,
974,,F,Sales,Sales Manager,,,29.0,N,No,,
975,,Female,R&D,Lab Technician,High School,,,Yes,N,2.0,1.0
976,,Female,IT,System Admin,Master,,0.0,Yes,N,4.0,
977,,F,R&D,Lab Technician,PhD,17457,24.0,N,,1.0,3.0
978,28.0,F,Finance,Accountant,,20k,29.0,Y,Yes,4.0,1.0
979,,M,HR,HR Manager,Master,10k,,,Yes,2.0,
980,44.0,Female,HR,HR Specialist,Bachelor,14k,4.0,Y,No,4.0,
981,,Male,Sales,Sales Executive,High School,13809,23.0,N,No,3.0,2.0
982,,Male,IT,Data Analyst,High School,9288,,Y,No,,2.0
983,44.0,Male,Finance,Financial Analyst,Bachelor,,12.0,,Yes,4.0,
984,,Male,HR,HR Specialist,PhD,7953,,N,Y,2.0,3.0
985,52.0,Female,HR,HR Manager,Bachelor,,,Y,N,,4.0
986,,M,R&D,Research Scientist,PhD,5694,,,,4.0,2.0
987,48.0,Female,HR,HR Manager,High School,5k,,Y,Yes,1.0,2.0
988,31.0,M,Sales,Sales Executive,PhD,,20.0,Yes,N,4.0,
989,,Male,R&D,Research Scientist,,,30.0,Y,No,2.0,3.0
990,,F,Finance,Financial Analyst,,9172,8.0,Y,,1.0,4.0
991,29.0,M,IT,System Admin,PhD,17291,,Y,N,1.0,4.0
992,22.0,Female,HR,HR Manager,High School,14849,12.0,Y,No,4.0,3.0
993,39.0,M,Finance,Accountant,PhD,9795,,,N,1.0,3.0
994,,F,R&D,Lab Technician,High School,19826,13.0,Y,No,2.0,2.0
995,,M,HR,HR Specialist,High School,6888,9.0,N,Y,3.0,3.0
996,,Male,R&D,Lab Technician,Bachelor,3k,13.0,Y,,1.0,2.0
997,30.0,Female,Finance,Accountant,Bachelor,16633,,No,Yes,2.0,2.0
998,45.0,Female,IT,System Admin,Master,7k,7.0,Y,No,,3.0
999,,Female,Finance,Accountant,,,22.0,No,No,1.0,3.0
1000,41.0,M,R&D,Lab Technician,High School,3k,22.0,Yes,Yes,4.0,2.0
1001,,Female,R&D,Research Scientist,Bachelor,8141,,Y,N,2.0,2.0
1002,,F,Finance,Financial Analyst,PhD,,,Y,Y,,
1003,,M,Finance,Accountant,,5256,,N,,4.0,
1004,,F,IT,Developer,PhD,5772,,Y,No,3.0,1.0
1005,55.0,F,Finance,Financial Analyst,,12681,24.0,No,N,3.0,1.0
1006,27.0,F,Sales,Sales Executive,PhD,10k,,N,N,2.0,1.0
1007,,Female,HR,HR Specialist,High School,,,Yes,Y,3.0,1.0
1008,,Male,HR,HR Manager,,,14.0,No,No,3.0,2.0
1009,,Male,Sales,Sales Executive,PhD,17754,,Y,Y,4.0,1.0
1010,21.0,Female,R&D,Research Scientist,PhD,10k,23.0,No,No,1.0,3.0
1011,33.0,M,IT,System Admin,Master,,,No,Y,4.0,2.0
1012,26.0,F,Finance,Financial Analyst,PhD,18396,25.0,N,No,1.0,3.0
1013,,Female,HR,HR Specialist,Bachelor,6830,,Yes,Y,3.0,1.0
1014,59.0,F,IT,Developer,PhD,13989,,Y,Yes,1.0,
1015,41.0,Female,Sales,Sales Executive,,13772,6.0,No,No,3.0,1.0
1016,27.0,Male,Sales,Sales Executive,High School,6k,,No,N,,2.0
1017,,F,Finance,Accountant,PhD,,,No,N,1.0,2.0
1018,,F,Sales,Sales Executive,,5k,,Yes,Yes,3.0,1.0
1019,,F,R&D,Research Scientist,Bachelor,6169,16.0,N,N,3.0,4.0
1020,,M,IT,Data Analyst,,16113,19.0,N,Yes,1.0,
1021,27.0,Female,HR,HR Manager,Master,7310,12.0,,Yes,4.0,
1022,,Male,R&D,Lab Technician,Bachelor,12k,,No,No,1.0,2.0
1023,,M,Sales,Sales Executive,PhD,15k,,N,Y,1.0,4.0
1024,58.0,Male,IT,System Admin,High School,16k,25.0,N,N,3.0,3.0
1025,,Male,IT,Data Analyst,,,17.0,Yes,N,2.0,4.0
1026,57.0,F,Sales,Sales Executive,Bachelor,15k,,No,Yes,3.0,1.0
1027,,Male,HR,HR Specialist,PhD,13071,17.0,N,,4.0,
1028,30.0,M,IT,Data Analyst,PhD,10199,,No,N,4.0,
1029,27.0,Male,IT,Developer,High School,,7.0,Yes,,3.0,4.0
1030,,F,Finance,Financial Analyst,,10147,19.0,,N,1.0,4.0
1031,,Female,Sales,Sales Manager,,12k,17.0,Yes,,2.0,4.0
1032,57.0,F,Finance,Accountant,Master,4642,28.0,Yes,,2.0,2.0
1033,,M,R&D,Lab Technician,,14959,7.0,Y,Y,1.0,
1034,,M,R&D,Research Scientist,High School,7875,25.0,,,4.0,1.0
1035,42.0,Female,Finance,Financial Analyst,Bachelor,,3.0,,No,3.0,1.0
1036,,Female,Sales,Sales Manager,High School,,17.0,No,Y,4.0,4.0
1037,29.0,M,Finance,Financial Analyst,Master,,25.0,N,Y,,3.0
1038,,Female,HR,HR Specialist,High School,14489,10.0,Y,N,2.0,4.0
1039,53.0,Female,IT,System Admin,,,6.0,Y,No,1.0,3.0
1040,27.0,F,Sales,Sales Manager,High School,,,Yes,No,2.0,
1041,,Male,R&D,Lab Technician,Master,19184,,No,No,2.0,4.0
1042,,Male,Sales,Sales Manager,PhD,,23.0,No,Y,1.0,3.0
1043,59.0,F,HR,HR Manager,Master,13519,4.0,No,Yes,4.0,2.0
1044,,Female,HR,HR Specialist,Master,9471,10.0,No,Y,2.0,4.0
1045,57.0,F,Finance,Accountant,Bachelor,14479,19.0,,,3.0,2.0
1046,35.0,Male,IT,Developer,PhD,17k,,No,Y,3.0,1.0
1047,47.0,F,HR,HR Specialist,High School,11k,4.0,Yes,,4.0,2.0
1048,,F,Sales,Sales Manager,PhD,,30.0,Yes,Yes,3.0,1.0
1049,46.0,Male,Finance,Financial Analyst,Master,6k,12.0,Y,Y,3.0,1.0
1050,,Female,Sales,Sales Executive,High School,4k,21.0,N,No,2.0,4.0
1051,60.0,Male,Sales,Sales Manager,,6152,9.0,N,Yes,2.0,4.0
1052,,M,HR,HR Specialist,PhD,9070,,,Yes,3.0,3.0
1053,,M,R&D,Lab Technician,Master,3k,10.0,Y,Y,2.0,2.0
1054,,Female,HR,HR Manager,PhD,,,,,1.0,4.0
1055,59.0,F,Sales,Sales Executive,PhD,5130,21.0,No,N,3.0,4.0
1056,31.0,Male,Sales,Sales Executive,PhD,,4.0,Yes,No,,1.0
1057,51.0,M,HR,HR Specialist,PhD,,25.0,N,Yes,2.0,1.0
1058,,Female,R&D,Lab Technician,Master,,,N,Yes,1.0,2.0
1059,,F,R&D,Lab Technician,Master,6k,,Y,Y,1.0,2.0
1060,,M,Finance,Financial Analyst,Master,,,,No,2.0,
1061,,Female,R&D,Research Scientist,PhD,,7.0,Yes,Yes,1.0,3.0
1062,,M,IT,System Admin,Bachelor,13726,30.0,Yes,Yes,1.0,3.0
1063,,Male,Sales,Sales Executive,Bachelor,13019,,N,Y,2.0,
1064,45.0,Male,Finance,Financial Analyst,PhD,,16.0,N,Y,3.0,2.0
1065,,Female,IT,Developer,High School,17k,30.0,No,Y,,4.0
1066,,F,HR,HR Specialist,,,25.0,Yes,No,3.0,
1067,55.0,Male,Sales,Sales Executive,,17k,3.0,No,N,4.0,1.0
1068,,Female,IT,Developer,High School,5152,,No,No,1.0,4.0
1069,,M,IT,Developer,High School,5524,24.0,No,Y,2.0,4.0
1070,34.0,F,Finance,Financial Analyst,Bachelor,12867,,No,N,,2.0
1071,36.0,Female,IT,Data Analyst,PhD,5116,,Yes,No,2.0,
1072,50.0,F,Sales,Sales Executive,High School,18068,11.0,Y,No,3.0,4.0
1073,,Female,IT,System Admin,High School,,16.0,Y,Yes,3.0,
1074,60.0,Male,R&D,Research Scientist,High School,9k,,,Y,3.0,
1075,57.0,M,R&D,Lab Technician,PhD,13k,,,Yes,4.0,1.0
1076,37.0,Female,Sales,Sales Executive,,,21.0,N,,3.0,4.0
1077,27.0,Female,IT,System Admin,High School,,,Y,N,3.0,4.0
1078,30.0,M,R&D,Lab Technician,,8k,,,Y,2.0,1.0
1079,22.0,Female,HR,HR Specialist,PhD,7k,2.0,,N,1.0,4.0
1080,51.0,M,R&D,Research Scientist,High School,10k,,,,1.0,3.0
1081,31.0,Male,Finance,Accountant,PhD,,,N,No,1.0,
1082,38.0,Female,R&D,Lab Technician,PhD,,,N,N,4.0,4.0
1083,,M,IT,Developer,High School,14773,,,No,2.0,4.0
1084,23.0,M,HR,HR Manager,PhD,4k,,N,N,3.0,2.0
1085,21.0,M,R&D,Lab Technician,PhD,11k,5.0,N,,1.0,1.0
1086,,Female,Sales,Sales Manager,High School,,,,No,1.0,4.0
1087,39.0,Male,R&D,Research Scientist,PhD,14k,12.0,Y,Y,3.0,4.0
1088,47.0,Male,HR,HR Manager,High School,20k,,,Yes,2.0,
1089,51.0,Male,R&D,Research Scientist,Bachelor,,24.0,,,,
1090,48.0,M,Finance,Financial Analyst,PhD,10k,3.0,N,Y,1.0,1.0
1091,,Female,Sales,Sales Executive,High School,,5.0,,No,2.0,1.0
1092,26.0,F,R&D,Research Scientist,Bachelor,,10.0,,Y,2.0,3.0
1093,49.0,F,HR,HR Manager,Bachelor,17k,21.0,N,No,4.0,3.0
1094,58.0,M,HR,HR Manager,Master,,12.0,,N,3.0,3.0
1095,54.0,Male,Sales,Sales Manager,Bachelor,,,,,2.0,2.0
1096,,M,R&D,Lab Technician,PhD,12k,,Y,Y,1.0,4.0
1097,,Female,Sales,Sales Manager,PhD,9643,5.0,N,Yes,2.0,
1098,29.0,F,R&D,Research Scientist,High School,7891,8.0,N,N,1.0,
1099,33.0,Female,R&D,Lab Technician,High School,18377,14.0,No,Yes,2.0,2.0
1100,22.0,F,Sales,Sales Executive,High School,5k,13.0,N,Y,,4.0
1101,22.0,F,HR,HR Specialist,PhD,4k,1.0,Yes,,3.0,
1102,44.0,F,R&D,Lab Technician,Master,16695,,No,No,2.0,3.0
1103,,M,R&D,Research Scientist,PhD,,,Yes,No,2.0,3.0
1104,,F,HR,HR Manager,Bachelor,7558,11.0,,Y,2.0,1.0
1105,33.0,Male,R&D,Research Scientist,,,,No,Y,3.0,
1106,32.0,Female,Sales,Sales Manager,PhD,6k,13.0,No,No,4.0,4.0
1107,33.0,F,R&D,Research Scientist,PhD,,,N,N,1.0,1.0
1108,60.0,F,IT,Developer,Bachelor,4722,,N,No,2.0,4.0
1109,29.0,F,Finance,Accountant,,15k,18.0,Yes,,2.0,2.0
1110,,Female,Sales,Sales Executive,,12280,,No,No,4.0,1.0
1111,27.0,M,Sales,Sales Manager,,12k,13.0,No,,1.0,3.0
1112,33.0,Male,IT,Developer,,13k,3.0,N,Y,2.0,3.0
1113,48.0,Male,Finance,Financial Analyst,High School,17k,6.0,Y,No,,1.0
1114,,Male,Finance,Financial Analyst,Bachelor,,,No,Yes,,4.0
1115,41.0,M,IT,Data Analyst,Master,12k,18.0,N,Y,2.0,
1116,,F,Finance,Accountant,,5805,28.0,Yes,No,2.0,4.0
1117,,Male,Finance,Accountant,Master,19k,3.0,Yes,N,,4.0
1118,,F,Finance,Financial Analyst,PhD,10111,14.0,Y,Yes,4.0,
1119,,M,Sales,Sales Executive,High School,8k,3.0,N,No,,1.0
1120,,Female,Sales,Sales Manager,Master,15k,5.0,No,N,4.0,1.0
1121,,Male,IT,System Admin,Bachelor,17k,18.0,Yes,,,3.0
1122,,F,R&D,Lab Technician,High School,,7.0,N,No,,2.0
1123,37.0,Female,Finance,Accountant,,,,,N,1.0,3.0
1124,,Female,IT,Developer,,13349,8.0,N,Yes,3.0,2.0
1125,,Female,Sales,Sales Manager,PhD,19k,9.0,Yes,Y,,4.0
1126,55.0,F,Finance,Financial Analyst,Bachelor,,22.0,Yes,No,2.0,4.0
1127,,Female,R&D,Lab Technician,,16k,0.0,N,N,,1.0
1128,28.0,F,R&D,Research Scientist,High School,18829,28.0,No,,4.0,
1129,60.0,Female,Sales,Sales Manager,Bachelor,,,,,1.0,3.0
1130,29.0,Male,HR,HR Specialist,Master,,25.0,Yes,Yes,4.0,3.0
1131,,F,IT,Data Analyst,PhD,,16.0,No,Y,,4.0
1132,34.0,Male,HR,HR Manager,Master,,,No,Yes,4.0,
1133,,M,HR,HR Specialist,PhD,6k,,Y,No,1.0,1.0
1134,,F,HR,HR Specialist,,,,,,1.0,4.0
1135,,Female,Finance,Accountant,PhD,4k,24.0,,Yes,3.0,1.0
1136,,F,IT,System Admin,,18708,,Yes,Y,4.0,
1137,,M,Finance,Financial Analyst,High School,5309,3.0,,N,,
1138,,M,HR,HR Manager,Master,17k,,N,Y,1.0,4.0
1139,,Female,IT,System Admin,,17118,,Y,Y,1.0,1.0
1140,,Female,IT,System Admin,High School,,4.0,Y,N,3.0,2.0
1141,,F,Finance,Accountant,Master,5577,,N,Yes,1.0,1.0
1142,,Male,R&D,Research Scientist,PhD,11756,,,,2.0,3.0
1143,48.0,F,HR,HR Specialist,Bachelor,14k,,,,,3.0
1144,,Male,R&D,Lab Technician,Master,11k,,,No,3.0,4.0
1145,54.0,Male,HR,HR Manager,Bachelor,,18.0,Y,No,,4.0
1146,,F,IT,System Admin,,10282,14.0,Yes,Yes,,2.0
1147,,Male,Finance,Accountant,,12656,,,Yes,,3.0
1148,,M,R&D,Lab Technician,PhD,13419,,N,No,2.0,2.0
1149,36.0,Male,Sales,Sales Executive,Master,5k,,Y,,2.0,2.0
1150,34.0,Female,Finance,Accountant,Master,,,N,Yes,,4.0
1151,22.0,Female,Sales,Sales Manager,High School,7k,22.0,Y,N,3.0,3.0
1152,,F,HR,HR Manager,PhD,9358,,Yes,Yes,2.0,1.0
1153,33.0,M,Sales,Sales Manager,High School,7393,9.0,,Y,3.0,3.0
1154,,F,Sales,Sales Executive,Bachelor,18k,22.0,No,N,,1.0
1155,22.0,Female,Sales,Sales Manager,High School,,1.0,No,N,2.0,2.0
1156,25.0,Male,HR,HR Manager,Bachelor,8655,,Yes,,3.0,2.0
1157,,Female,IT,System Admin,,13k,,N,N,1.0,1.0
1158,,M,HR,HR Specialist,Bachelor,,0.0,Yes,,1.0,4.0
1159,50.0,Female,Sales,Sales Manager,PhD,7298,5.0,N,Yes,,
1160,37.0,M,R&D,Lab Technician,Master,,25.0,,Yes,1.0,
1161,44.0,Male,Sales,Sales Executive,Bachelor,17757,0.0,Y,Yes,3.0,2.0
1162,41.0,Female,R&D,Lab Technician,PhD,,,No,,3.0,
1163,28.0,F,Sales,Sales Manager,Bachelor,11364,12.0,Yes,,2.0,1.0
1164,,Male,IT,Data Analyst,High School,18k,,No,No,2.0,1.0
1165,38.0,M,R&D,Lab Technician,,13046,,,No,2.0,2.0
1166,31.0,Male,Finance,Financial Analyst,Master,4319,23.0,N,,,2.0
1167,,Male,Sales,Sales Manager,,,14.0,N,N,3.0,2.0
1168,27.0,Male,HR,HR Manager,Master,,16.0,No,No,3.0,
1169,30.0,M,IT,Developer,PhD,,,Y,No,3.0,4.0
1170,,Male,Finance,Financial Analyst,Master,16k,0.0,Yes,No,1.0,4.0
1171,,M,Sales,Sales Manager,PhD,,,Yes,N,2.0,3.0
1172,28.0,M,Finance,Financial Analyst,High School,9k,8.0,No,Yes,3.0,1.0
1173,,F,IT,System Admin,Master,6318,,No,Yes,,2.0
1174,57.0,Female,HR,HR Specialist,,,28.0,,Y,,4.0
1175,57.0,M,R&D,Research Scientist,High School,10k,25.0,Y,N,,
1176,38.0,M,Sales,Sales Manager,High School,17099,,,Y,3.0,
1177,29.0,Male,Sales,Sales Executive,High School,4059,,Yes,No,2.0,
1178,58.0,Female,IT,Developer,PhD,12k,8.0,Yes,Y,2.0,4.0
1179,,Male,R&D,Lab Technician,Bachelor,8729,0.0,Y,N,4.0,3.0
1180,,Male,R&D,Research Scientist,Master,,9.0,N,Y,3.0,
1181,21.0,F,Finance,Accountant,,12499,15.0,Y,No,2.0,
1182,45.0,Male,R&D,Research Scientist,High School,,,,No,1.0,3.0
1183,48.0,Male,R&D,Lab Technician,,,,Y,,4.0,4.0
1184,,Male,Finance,Financial Analyst,Master,6k,23.0,No,Yes,4.0,3.0
1185,,M,HR,HR Manager,,12055,,Y,Y,4.0,3.0
1186,,Female,HR,HR Specialist,High School,9k,,No,N,3.0,2.0
1187,,Male,R&D,Lab Technician,,,3.0,N,No,,2.0
1188,47.0,Male,Finance,Accountant,PhD,11k,29.0,Y,N,4.0,2.0
1189,,Male,IT,Data Analyst,Bachelor,,1.0,Yes,,,2.0
1190,,F,Sales,Sales Manager,Bachelor,,17.0,Yes,Yes,,1.0
1191,,Female,R&D,Research Scientist,PhD,12163,6.0,Yes,,4.0,2.0
1192,,Female,Finance,Financial Analyst,Bachelor,,15.0,Y,Yes,4.0,1.0
1193,,Female,R&D,Research Scientist,,13954,16.0,N,No,2.0,2.0
1194,,F,Finance,Accountant,Bachelor,,15.0,N,,4.0,4.0
1195,22.0,M,Finance,Accountant,High School,7k,,N,N,4.0,1.0
1196,,Male,Sales,Sales Manager,,,,Yes,N,,
1197,23.0,F,IT,Data Analyst,High School,9k,,Y,Y,4.0,2.0
1198,57.0,F,R&D,Lab Technician,,,17.0,Y,Yes,2.0,3.0
1199,28.0,Male,Sales,Sales Executive,High School,15340,,No,,,1.0
1200,,Female,IT,Data Analyst,Master,,,,Yes,,2.0
1201,57.0,Female,HR,HR Manager,Master,13k,30.0,N,No,4.0,3.0
1202,32.0,M,Finance,Accountant,Master,15k,22.0,,,3.0,4.0
1203,39.0,Male,IT,Developer,Bachelor,20k,,Yes,Yes,3.0,
1204,,Female,R&D,Research Scientist,Master,,,Yes,No,,3.0
1205,,Male,R&D,Research Scientist,Bachelor,,,No,Yes,4.0,4.0
1206,39.0,M,HR,HR Specialist,PhD,13850,,Yes,,4.0,3.0
1207,54.0,F,Sales,Sales Executive,Bachelor,,20.0,Yes,Yes,3.0,
1208,,Male,HR,HR Specialist,PhD,,,Y,N,2.0,
1209,,Female,IT,Data Analyst,,,0.0,,,1.0,2.0
1210,,Female,R&D,Lab Technician,Master,3150,,N,Yes,2.0,2.0
1211,33.0,F,HR,HR Manager,Master,14709,,Yes,N,4.0,4.0
1212,36.0,Female,HR,HR Manager,Bachelor,5k,17.0,No,No,3.0,
1213,49.0,Female,IT,Data Analyst,Master,13k,,,No,3.0,3.0
1214,,F,HR,HR Specialist,Bachelor,,29.0,Yes,N,,1.0
1215,52.0,Male,IT,Developer,Bachelor,6k,14.0,No,Yes,,1.0
1216,31.0,F,HR,HR Manager,,9847,,N,Yes,,3.0
1217,24.0,Female,Finance,Financial Analyst,PhD,,21.0,Yes,Yes,2.0,1.0
1218,23.0,Female,IT,Developer,Master,,,Y,Y,4.0,2.0
1219,,Female,Finance,Accountant,Bachelor,,13.0,N,Y,4.0,4.0
1220,28.0,Male,IT,System Admin,High School,19609,3.0,No,Y,,3.0
1221,46.0,Male,Finance,Accountant,High School,,15.0,Y,No,1.0,
1222,,F,R&D,Lab Technician,,,18.0,No,N,1.0,1.0
1223,33.0,Female,IT,Developer,,15k,13.0,,Y,1.0,1.0
1224,37.0,M,Sales,Sales Manager,PhD,,,,Yes,2.0,3.0
1225,,Male,Sales,Sales Manager,High School,11k,10.0,N,Yes,3.0,1.0
1226,50.0,M,Finance,Financial Analyst,PhD,,,N,N,2.0,3.0
1227,47.0,Female,HR,HR Manager,,10k,,No,,,3.0
1228,,M,Finance,Accountant,,,0.0,No,Y,3.0,1.0
1229,,M,IT,Developer,Bachelor,8k,26.0,Y,N,1.0,4.0
1230,,Male,IT,Developer,High School,6k,9.0,N,Y,,3.0
1231,,F,Finance,Accountant,Master,7k,,N,,,1.0
1232,,Male,IT,Developer,Master,8793,28.0,,No,1.0,
1233,34.0,Male,Sales,Sales Executive,Bachelor,4488,,Yes,No,1.0,1.0
1234,33.0,M,HR,HR Specialist,Bachelor,,29.0,No,,1.0,3.0
1235,,Female,Finance,Accountant,Master,18k,,Yes,N,1.0,4.0
1236,24.0,Female,Finance,Financial Analyst,PhD,,,No,,2.0,
1237,,M,IT,Developer,High School,,21.0,,No,4.0,2.0
1238,,Female,HR,HR Specialist,Bachelor,19767,,No,No,1.0,1.0
1239,36.0,Female,Sales,Sales Executive,PhD,8k,,Y,,2.0,
1240,53.0,Male,Finance,Financial Analyst,Master,12485,,Y,Yes,1.0,2.0
1241,60.0,Male,Sales,Sales Executive,Bachelor,3k,,No,N,1.0,2.0
1242,,Female,R&D,Lab Technician,PhD,20k,8.0,,Yes,,3.0
1243,44.0,F,Finance,Financial Analyst,High School,9264,12.0,Yes,Y,4.0,
1244,52.0,F,Finance,Financial Analyst,Bachelor,,23.0,Yes,Y,3.0,3.0
1245,23.0,F,Sales,Sales Executive,Master,,8.0,No,Yes,1.0,2.0
1246,37.0,Female,Sales,Sales Executive,High School,,1.0,Y,N,1.0,2.0
1247,22.0,M,R&D,Research Scientist,Bachelor,,,No,N,3.0,
1248,,Male,IT,System Admin,Bachelor,,6.0,Yes,,2.0,3.0
1249,50.0,F,Sales,Sales Manager,High School,,,Y,N,1.0,3.0
1250,,F,HR,HR Specialist,,12k,,No,Y,2.0,4.0
1251,22.0,M,R&D,Research Scientist,Bachelor,,5.0,Yes,,3.0,4.0
1252,,Male,HR,HR Manager,,19802,8.0,N,Yes,2.0,1.0
1253,,Male,Sales,Sales Executive,Bachelor,18071,,Yes,,1.0,3.0
1254,21.0,Female,IT,Developer,,,21.0,No,Y,3.0,1.0
1255,60.0,F,IT,Data Analyst,PhD,13900,13.0,Yes,,3.0,2.0
1256,38.0,Male,Finance,Accountant,,20k,,Y,,,
1257,27.0,Male,Finance,Financial Analyst,,,,Y,N,,4.0
1258,,Female,Sales,Sales Executive,High School,11k,,Yes,Yes,3.0,4.0
1259,52.0,M,Sales,Sales Executive,,,,No,,4.0,4.0
1260,,Male,HR,HR Manager,PhD,13234,,Y,Yes,,2.0
1261,26.0,F,HR,HR Manager,PhD,,24.0,No,Y,1.0,2.0
1262,32.0,Male,HR,HR Manager,High School,20k,,No,N,4.0,2.0
1263,,Female,Finance,Accountant,High School,,,No,Y,2.0,3.0
1264,,M,Sales,Sales Executive,PhD,19298,18.0,N,,2.0,4.0
1265,57.0,M,HR,HR Specialist,Master,7k,22.0,No,,1.0,
1266,38.0,Male,Finance,Financial Analyst,Master,,21.0,No,No,1.0,2.0
1267,,F,R&D,Research Scientist,High School,6745,26.0,N,,3.0,3.0
1268,,Male,HR,HR Specialist,,6k,20.0,N,Yes,1.0,
1269,,F,HR,HR Specialist,Master,9629,14.0,,No,1.0,2.0
1270,52.0,Male,R&D,Lab Technician,Master,10k,5.0,N,,4.0,3.0
1271,39.0,F,HR,HR Manager,Bachelor,,30.0,N,,3.0,
1272,,Male,Finance,Financial Analyst,High School,14k,20.0,N,Yes,2.0,3.0
1273,29.0,Female,Sales,Sales Executive,Bachelor,15k,,,Y,,4.0
1274,29.0,M,Sales,Sales Executive,Master,3038,0.0,Yes,Y,,2.0
1275,,Male,R&D,Lab Technician,,,8.0,No,,,
1276,,F,HR,HR Specialist,,7283,1.0,No,,4.0,3.0
1277,28.0,Male,R&D,Lab Technician,High School,16k,14.0,Y,Yes,1.0,1.0
1278,51.0,Female,IT,Developer,Bachelor,19733,9.0,No,Y,,3.0
1279,54.0,M,Finance,Financial Analyst,High School,,,N,Yes,,3.0
1280,,Male,Sales,Sales Executive,High School,5k,,No,Yes,3.0,4.0
1281,,M,Finance,Accountant,PhD,7506,,No,Yes,,3.0
1282,29.0,M,HR,HR Manager,PhD,12278,,Yes,,2.0,4.0
1283,,M,R&D,Research Scientist,Master,,9.0,Y,N,1.0,3.0
1284,49.0,M,HR,HR Specialist,Bachelor,7k,14.0,,No,,3.0
1285,53.0,F,Finance,Accountant,High School,,20.0,N,N,3.0,4.0
1286,,M,Finance,Financial Analyst,Bachelor,17k,,Yes,Yes,,3.0
1287,,F,IT,Developer,High School,18k,20.0,N,,,3.0
1288,51.0,M,HR,HR Manager,PhD,3k,,Yes,,2.0,4.0
1289,,Male,R&D,Research Scientist,High School,,7.0,N,Y,3.0,2.0
1290,48.0,M,HR,HR Specialist,PhD,20k,,Yes,No,1.0,1.0
1291,60.0,F,HR,HR Specialist,Master,19932,,No,Yes,4.0,4.0
1292,,Male,Finance,Accountant,High School,10394,,Y,Y,,
1293,58.0,Male,Sales,Sales Manager,High School,,,N,No,1.0,4.0
1294,,M,Finance,Financial Analyst,,,,Yes,Y,1.0,
1295,50.0,M,Sales,Sales Manager,Bachelor,,27.0,,Y,2.0,
1296,,Male,HR,HR Manager,Bachelor,,6.0,No,N,3.0,1.0
1297,,Male,Sales,Sales Manager,High School,8224,,Y,,2.0,4.0
1298,,F,Sales,Sales Executive,Master,13401,30.0,No,Yes,3.0,4.0
1299,48.0,Male,Finance,Accountant,High School,4k,9.0,No,Yes,,3.0
1300,42.0,Female,R&D,Lab Technician,Master,,23.0,Y,,2.0,4.0
1301,,Female,HR,HR Specialist,,16513,2.0,No,No,3.0,
1302,,Male,Sales,Sales Manager,PhD,8k,,Yes,Y,,3.0
1303,53.0,F,Finance,Financial Analyst,PhD,,,Yes,Y,,3.0
1304,,F,Finance,Financial Analyst,High School,,,No,No,2.0,3.0
1305,48.0,Female,Sales,Sales Manager,High School,6k,19.0,Yes,No,2.0,1.0
1306,47.0,Male,IT,Data Analyst,,,1.0,N,No,2.0,2.0
1307,27.0,M,IT,Developer,Bachelor,9k,,No,Y,,
1308,,M,Sales,Sales Executive,Master,16337,14.0,N,,1.0,1.0
1309,,Male,HR,HR Manager,,13k,0.0,Y,Yes,1.0,2.0
1310,42.0,F,IT,System Admin,Bachelor,19k,,Yes,No,1.0,2.0
1311,,Female,R&D,Research Scientist,Bachelor,,,Y,Yes,3.0,2.0
1312,54.0,M,Sales,Sales Executive,Master,11k,,,,,1.0
1313,23.0,Female,Finance,Financial Analyst,High School,,24.0,No,Y,3.0,
1314,39.0,F,HR,HR Specialist,Master,,,Yes,N,3.0,2.0
1315,33.0,F,Finance,Accountant,Master,3k,22.0,,No,,2.0
1316,,Female,R&D,Research Scientist,High School,7538,14.0,N,Yes,1.0,1.0
1317,,Male,R&D,Lab Technician,High School,,,Y,N,,1.0
1318,,F,Sales,Sales Manager,Master,,,Yes,N,4.0,4.0
1319,,Male,HR,HR Manager,,20k,,No,No,,1.0
1320,,Female,Sales,Sales Manager,,7k,,No,No,,2.0
1321,,Male,R&D,Research Scientist,Bachelor,,26.0,Yes,,2.0,3.0
1322,,M,R&D,Lab Technician,Master,5035,12.0,No,,3.0,1.0
1323,,Female,R&D,Research Scientist,High School,9k,23.0,,Yes,1.0,3.0
1324,23.0,Male,Finance,Accountant,High School,,,No,No,4.0,1.0
1325,42.0,Male,IT,Developer,Bachelor,17k,4.0,No,No,4.0,1.0
1326,,Male,HR,HR Manager,PhD,,,No,Yes,4.0,2.0
1327,,F,Finance,Accountant,Master,,,Y,Y,,2.0
1328,,Male,IT,Data Analyst,Master,4715,,No,Y,1.0,4.0
1329,,Female,IT,Data Analyst,Master,,0.0,N,Y,2.0,4.0
1330,39.0,Male,HR,HR Specialist,PhD,4k,23.0,,N,4.0,2.0
1331,,Female,R&D,Research Scientist,Master,14305,22.0,N,No,2.0,1.0
1332,,M,Finance,Financial Analyst,Bachelor,5876,15.0,Y,Y,1.0,2.0
1333,60.0,Male,HR,HR Manager,Master,,,,,3.0,1.0
1334,,M,IT,System Admin,,4685,19.0,Y,Yes,4.0,2.0
1335,43.0,Male,Finance,Accountant,High School,,,No,N,4.0,1.0
1336,54.0,Male,Finance,Financial Analyst,PhD,11k,18.0,No,Yes,4.0,
1337,,F,IT,Developer,PhD,,,Yes,Yes,1.0,2.0
1338,50.0,Male,Sales,Sales Executive,High School,,,Yes,Yes,,4.0
1339,38.0,Male,Finance,Financial Analyst,PhD,20k,,,No,1.0,1.0
1340,,M,R&D,Research Scientist,PhD,13k,23.0,,N,1.0,
1341,,M,IT,System Admin,Bachelor,,,,,1.0,3.0
1342,,Male,Sales,Sales Executive,PhD,,26.0,N,No,,3.0
1343,,F,Finance,Accountant,Master,10072,8.0,N,No,,
1344,51.0,Female,HR,HR Specialist,PhD,,10.0,Y,Y,1.0,1.0
1345,50.0,Female,R&D,Lab Technician,Master,10k,15.0,Yes,Y,1.0,
1346,,F,Finance,Accountant,,,26.0,N,N,4.0,
1347,,M,HR,HR Specialist,Bachelor,3515,,Yes,Yes,4.0,2.0
1348,44.0,M,R&D,Lab Technician,Master,18k,,N,No,4.0,
1349,,F,IT,Developer,Master,,26.0,No,,1.0,
1350,48.0,F,HR,HR Manager,Bachelor,18938,16.0,No,Y,2.0,1.0
1351,31.0,Male,Finance,Accountant,High School,,,Yes,N,4.0,
1352,,Female,R&D,Research Scientist,Master,5307,,Y,Yes,3.0,3.0
1353,60.0,Female,HR,HR Manager,,14349,21.0,Yes,N,,
1354,,M,HR,HR Manager,Bachelor,15k,5.0,,,1.0,1.0
1355,,Male,R&D,Lab Technician,Master,,22.0,No,,,4.0
1356,,M,HR,HR Manager,PhD,,,,N,,4.0
1357,45.0,F,HR,HR Manager,Master,,18.0,N,,2.0,1.0
1358,33.0,F,Sales,Sales Executive,High School,,12.0,,,1.0,2.0
1359,25.0,Male,Sales,Sales Manager,Master,8k,13.0,Y,Yes,4.0,
1360,22.0,M,HR,HR Manager,Master,,2.0,Y,Y,4.0,4.0
1361,38.0,M,Finance,Accountant,Master,,,Yes,Y,4.0,2.0
1362,,Male,IT,System Admin,Master,4k,3.0,,Y,1.0,4.0
1363,35.0,M,IT,System Admin,Master,4k,,No,N,1.0,1.0
1364,,Female,Finance,Financial Analyst,Bachelor,,,,Y,1.0,2.0
1365,,Female,R&D,Research Scientist,Bachelor,,,,Yes,2.0,
1366,,Female,HR,HR Manager,Master,10521,,N,N,3.0,4.0
1367,,Male,R&D,Research Scientist,Bachelor,,30.0,Yes,Yes,2.0,1.0
1368,,Male,R&D,Lab Technician,Bachelor,12k,2.0,Yes,N,4.0,4.0
1369,46.0,Male,HR,HR Specialist,PhD,,,Yes,N,1.0,2.0
1370,,Female,IT,Data Analyst,PhD,17k,5.0,No,Y,3.0,2.0
1371,41.0,F,Sales,Sales Executive,,,4.0,Yes,,1.0,
1372,43.0,Male,R&D,Research Scientist,Bachelor,5525,0.0,Yes,N,,2.0
1373,,M,IT,Developer,Bachelor,18k,21.0,Yes,No,,1.0
1374,32.0,M,IT,Data Analyst,,18270,,N,No,1.0,
1375,,F,Sales,Sales Manager,,,24.0,N,Yes,,4.0
1376,,M,HR,HR Specialist,High School,,,N,,,
1377,,F,Finance,Financial Analyst,Master,12k,21.0,Y,Yes,,1.0
1378,,Female,R&D,Research Scientist,PhD,17132,,Y,Y,3.0,2.0
1379,39.0,Male,IT,Data Analyst,Bachelor,8k,,No,No,2.0,2.0
1380,43.0,Female,IT,Developer,Master,9k,,No,,1.0,2.0
1381,35.0,F,Finance,Financial Analyst,High School,10827,13.0,Yes,N,,2.0
1382,21.0,F,Finance,Financial Analyst,PhD,8142,,No,,4.0,2.0
1383,,Female,R&D,Research Scientist,High School,5271,27.0,No,Y,,
1384,50.0,M,R&D,Lab Technician,Master,7k,,N,N,2.0,2.0
1385,36.0,Male,IT,Developer,PhD,12188,,Yes,No,1.0,1.0
1386,,Male,HR,HR Specialist,PhD,,19.0,,N,,1.0
1387,42.0,F,Sales,Sales Manager,Master,,0.0,No,,1.0,4.0
1388,,Male,Sales,Sales Executive,Master,4145,,Yes,No,3.0,3.0
1389,,Male,R&D,Research Scientist,,9456,,No,N,4.0,4.0
1390,,Male,R&D,Lab Technician,High School,,,Y,Yes,,1.0
1391,27.0,F,Sales,Sales Executive,Bachelor,16k,,No,N,2.0,
1392,,Female,Finance,Accountant,,3160,,,N,1.0,2.0
1393,55.0,Female,IT,System Admin,Master,18038,25.0,,Yes,4.0,2.0
1394,,Female,Sales,Sales Manager,,12k,,N,Yes,,2.0
1395,50.0,M,HR,HR Manager,High School,,24.0,No,Yes,,3.0
1396,27.0,Female,HR,HR Specialist,Bachelor,,,Yes,No,3.0,3.0
1397,,F,Sales,Sales Executive,Bachelor,7284,,N,N,2.0,1.0
1398,42.0,Male,IT,Developer,High School,15735,6.0,N,N,,
1399,,M,IT,Data Analyst,PhD,17224,,N,N,2.0,
1400,38.0,F,R&D,Lab Technician,Master,,,N,N,2.0,4.0
1401,,Male,Sales,Sales Executive,PhD,7k,,N,N,,
1402,53.0,Male,Sales,Sales Executive,High School,17k,3.0,Yes,N,,3.0
1403,59.0,Male,Finance,Accountant,Master,17k,,No,,1.0,
1404,48.0,M,Finance,Accountant,High School,,0.0,Yes,Y,,2.0
1405,,M,R&D,Lab Technician,Bachelor,,10.0,N,,2.0,
1406,,F,HR,HR Manager,PhD,14546,,Y,N,3.0,3.0
1407,41.0,Male,IT,Developer,,,,Y,Yes,1.0,
1408,51.0,Male,Sales,Sales Executive,,,21.0,,,4.0,
1409,37.0,Female,Finance,Financial Analyst,Master,,,N,,,3.0
1410,,M,Finance,Accountant,Master,8023,,No,Yes,3.0,2.0
1411,,M,R&D,Research Scientist,Master,16k,29.0,Yes,,3.0,4.0
1412,40.0,M,IT,System Admin,Master,6k,19.0,N,No,2.0,3.0
1413,21.0,Female,R&D,Lab Technician,Bachelor,13596,,Y,Y,4.0,
1414,,F,Finance,Accountant,,5k,,No,No,4.0,4.0
1415,,F,Finance,Financial Analyst,,17166,0.0,,Y,2.0,1.0
1416,,F,Sales,Sales Manager,Bachelor,11241,6.0,Yes,N,3.0,
1417,36.0,Female,HR,HR Manager,Bachelor,,4.0,,No,,3.0
1418,,F,R&D,Research Scientist,High School,,9.0,Y,N,2.0,3.0
1419,,M,Finance,Financial Analyst,Bachelor,4k,16.0,Yes,No,4.0,3.0
1420,,M,Finance,Accountant,High School,,,,Y,1.0,1.0
1421,,M,Sales,Sales Executive,,9597,,N,No,2.0,4.0
1422,33.0,F,R&D,Lab Technician,,11k,8.0,Y,Y,2.0,
1423,,F,IT,Developer,PhD,10k,,,N,1.0,4.0
1424,42.0,Female,R&D,Lab Technician,PhD,5712,24.0,N,Yes,,4.0
1425,54.0,Female,HR,HR Manager,Master,9k,,No,Yes,3.0,3.0
1426,,M,HR,HR Manager,,7761,26.0,,,4.0,4.0
1427,,M,Sales,Sales Manager,Bachelor,3686,,Y,No,,3.0
1428,47.0,Female,IT,Data Analyst,,13k,1.0,N,N,2.0,
1429,51.0,Male,HR,HR Manager,,11303,13.0,N,,2.0,
1430,32.0,F,R&D,Research Scientist,Bachelor,6185,5.0,Yes,Y,4.0,1.0
1431,,Female,Sales,Sales Manager,High School,17670,,Y,Yes,,4.0
1432,32.0,Male,HR,HR Manager,,,,Yes,N,,4.0
1433,,Female,Finance,Financial Analyst,,,,No,Y,3.0,3.0
1434,,M,Sales,Sales Executive,Bachelor,,25.0,,Y,,4.0
1435,27.0,Female,Finance,Accountant,Master,16039,,N,,4.0,2.0
1436,43.0,Female,Finance,Accountant,Master,,30.0,Yes,N,4.0,
1437,22.0,Female,HR,HR Specialist,Bachelor,19k,20.0,N,Y,2.0,
1438,,Female,R&D,Lab Technician,Bachelor,20k,,N,N,1.0,4.0
1439,,F,Finance,Financial Analyst,Master,9k,,N,Y,3.0,4.0
1440,,Female,Finance,Accountant,High School,19k,11.0,,,2.0,3.0
1441,38.0,F,HR,HR Manager,Master,,,Y,Y,1.0,3.0
1442,,Male,Finance,Financial Analyst,PhD,13k,8.0,,N,4.0,4.0
1443,30.0,F,Sales,Sales Manager,,9470,,No,No,1.0,4.0
1444,41.0,M,R&D,Lab Technician,Master,,2.0,,N,4.0,4.0
1445,21.0,Male,HR,HR Manager,Master,5k,10.0,N,,3.0,
1446,,Male,IT,System Admin,,17k,,Yes,Y,3.0,3.0
1447,,Male,R&D,Research Scientist,High School,17k,17.0,,N,3.0,1.0
1448,,F,HR,HR Specialist,PhD,5780,,Yes,Y,3.0,4.0
1449,,F,HR,HR Specialist,Master,4400,,N,Y,2.0,2.0
1450,47.0,Female,Finance,Accountant,High School,12385,22.0,N,N,4.0,4.0
1451,55.0,Female,HR,HR Specialist,High School,15519,22.0,,Y,2.0,2.0
1452,22.0,Female,Finance,Financial Analyst,High School,10948,16.0,Yes,N,2.0,4.0
1453,,M,Finance,Financial Analyst,PhD,18190,,No,N,1.0,4.0
1454,,Male,IT,Developer,Bachelor,15446,30.0,No,Yes,2.0,
1455,43.0,Male,IT,Developer,Bachelor,,0.0,,No,,
1456,23.0,M,R&D,Lab Technician,High School,3k,20.0,Y,,2.0,1.0
1457,49.0,Male,R&D,Research Scientist,PhD,5k,,,,3.0,1.0
1458,24.0,Female,IT,Data Analyst,PhD,3k,,Y,Y,3.0,
1459,57.0,Male,R&D,Research Scientist,Master,,21.0,Yes,,,1.0
1460,34.0,F,Sales,Sales Executive,Master,17298,11.0,Yes,,3.0,2.0
1461,21.0,M,Finance,Financial Analyst,,12154,,Y,Yes,,2.0
1462,,M,R&D,Research Scientist,High School,12k,26.0,,N,,1.0
1463,,M,Sales,Sales Executive,PhD,19735,,No,No,,
1464,47.0,Female,Sales,Sales Executive,,,0.0,,No,4.0,3.0
1465,26.0,Male,IT,Developer,Bachelor,14727,,No,Y,2.0,1.0
1466,,M,IT,System Admin,,16168,25.0,No,,2.0,3.0
1467,,F,R&D,Research Scientist,,7418,,,No,4.0,1.0
1468,,M,Sales,Sales Executive,High School,19k,,Yes,No,1.0,3.0
1469,41.0,Female,IT,Data Analyst,Bachelor,,,N,Y,3.0,1.0
1470,,M,Finance,Accountant,PhD,16372,,,No,2.0,1.0
1471,40.0,F,Sales,Sales Manager,PhD,3827,,N,,,1.0
1472,34.0,F,Finance,Accountant,Master,14881,25.0,Y,,1.0,3.0
1473,24.0,Female,HR,HR Specialist,Master,,11.0,No,N,1.0,4.0
1474,,M,Finance,Financial Analyst,,15k,,No,N,4.0,3.0
1475,,M,IT,Data Analyst,PhD,19k,8.0,,No,1.0,
1476,,M,IT,System Admin,Bachelor,,,No,N,,2.0
1477,36.0,F,IT,System Admin,PhD,10584,12.0,Yes,,,2.0
1478,,F,R&D,Research Scientist,,,,,Y,4.0,2.0
1479,29.0,F,HR,HR Manager,Master,10k,,No,,,1.0
1480,,F,Finance,Financial Analyst,High School,13k,28.0,Yes,,,2.0
1481,,M,R&D,Lab Technician,Bachelor,,0.0,,,2.0,4.0
1482,22.0,Male,Finance,Financial Analyst,PhD,5117,,Yes,N,4.0,2.0
1483,34.0,F,Finance,Accountant,,,,Y,Y,2.0,2.0
1484,,Male,Finance,Accountant,PhD,16k,9.0,Y,No,,1.0
1485,,F,IT,Developer,,3240,,Y,N,3.0,1.0
1486,,Female,HR,HR Manager,PhD,15621,2.0,No,,2.0,3.0
1487,,F,Finance,Accountant,,,,Yes,,2.0,1.0
1488,53.0,F,Sales,Sales Manager,Master,16940,,Yes,No,1.0,2.0
1489,,Female,HR,HR Specialist,High School,5k,,N,,1.0,2.0
1490,21.0,Female,R&D,Lab Technician,,6945,7.0,No,N,1.0,3.0
1491,49.0,M,HR,HR Manager,High School,,,No,No,4.0,
1492,25.0,Female,IT,Developer,High School,16k,,N,N,2.0,2.0
1493,,F,Finance,Financial Analyst,,8k,24.0,,No,2.0,4.0
1494,,M,Sales,Sales Manager,Master,11332,,No,No,,2.0
1495,21.0,Male,Sales,Sales Executive,PhD,13755,,N,Yes,1.0,2.0
1496,45.0,Male,HR,HR Manager,High School,3k,23.0,No,Yes,3.0,4.0
1497,,Male,HR,HR Manager,Bachelor,19946,,Y,N,,4.0
1498,,Female,R&D,Research Scientist,High School,9k,,No,,2.0,4.0
1499,,M,HR,HR Manager,Bachelor,,,Y,Yes,3.0,4.0
1500,33.0,Female,Finance,Financial Analyst,Master,3250,22.0,Y,N,2.0,
1117,,Male,Finance,Accountant,Master,19k,3.0,Yes,N,,4.0
1369,46.0,Male,HR,HR Specialist,PhD,,,Yes,N,1.0,2.0
423,53.0,Male,HR,HR Specialist,PhD,11238,24.0,Y,Y,4.0,3.0
414,31.0,Male,HR,HR Specialist,High School,16k,28.0,,No,1.0,4.0
452,51.0,F,R&D,Lab Technician,Bachelor,,,Y,Y,1.0,1.0
862,34.0,Female,HR,HR Manager,PhD,3k,1.0,Y,No,2.0,1.0
1064,45.0,Male,Finance,Financial Analyst,PhD,,16.0,N,Y,3.0,2.0
742,47.0,F,Finance,Accountant,Bachelor,,18.0,Yes,N,3.0,4.0
1273,29.0,Female,Sales,Sales Executive,Bachelor,15k,,,Y,,4.0
260,,M,Finance,Accountant,PhD,,,,,1.0,2.0
889,,F,Finance,Accountant,Bachelor,,,,Yes,1.0,1.0
1433,,Female,Finance,Financial Analyst,,,,No,Y,3.0,3.0
713,21.0,Male,R&D,Research Scientist,Master,20k,17.0,Y,N,4.0,4.0
1383,,Female,R&D,Research Scientist,High School,5271,27.0,No,Y,,
71,27.0,Female,IT,Developer,High School,,,,Y,,4.0
1269,,F,HR,HR Specialist,Master,9629,14.0,,No,1.0,2.0
1492,25.0,Female,IT,Developer,High School,16k,,N,N,2.0,2.0
608,23.0,F,IT,Data Analyst,PhD,20k,,N,Y,2.0,2.0
434,,Female,Finance,Accountant,Master,7k,29.0,Y,N,4.0,2.0
52,,F,HR,HR Manager,High School,3248,23.0,No,No,1.0,2.0
1200,,Female,IT,Data Analyst,Master,,,,Yes,,2.0
1129,60.0,Female,Sales,Sales Manager,Bachelor,,,,,1.0,3.0
1191,,Female,R&D,Research Scientist,PhD,12163,6.0,Yes,,4.0,2.0
1250,,F,HR,HR Specialist,,12k,,No,Y,2.0,4.0
1420,,M,Finance,Accountant,High School,,,,Y,1.0,1.0
433,54.0,Male,R&D,Research Scientist,Master,14k,20.0,Yes,N,3.0,3.0
1453,,M,Finance,Financial Analyst,PhD,18190,,No,N,1.0,4.0
1471,40.0,F,Sales,Sales Manager,PhD,3827,,N,,,1.0
1235,,Female,Finance,Accountant,Master,18k,,Yes,N,1.0,4.0
1282,29.0,M,HR,HR Manager,PhD,12278,,Yes,,2.0,4.0
1086,,Female,Sales,Sales Manager,High School,,,,No,1.0,4.0
611,,F,Finance,Financial Analyst,High School,16k,,Yes,Y,1.0,1.0
1285,53.0,F,Finance,Accountant,High School,,20.0,N,N,3.0,4.0
1042,,Male,Sales,Sales Manager,PhD,,23.0,No,Y,1.0,3.0
221,59.0,F,Sales,Sales Manager,PhD,15851,5.0,,N,4.0,4.0
340,26.0,M,Finance,Accountant,High School,,23.0,N,,1.0,4.0
424,59.0,Female,IT,Data Analyst,PhD,11993,25.0,Yes,Yes,1.0,4.0
429,,F,IT,Data Analyst,PhD,3377,14.0,No,Yes,3.0,1.0
1106,32.0,Female,Sales,Sales Manager,PhD,6k,13.0,No,No,4.0,4.0
77,43.0,Female,Sales,Sales Manager,PhD,,,No,Y,3.0,
1392,,Female,Finance,Accountant,,3160,,,N,1.0,2.0
440,60.0,Female,Sales,Sales Executive,Bachelor,10030,,N,,3.0,2.0
1337,,F,IT,Developer,PhD,,,Yes,Yes,1.0,2.0
865,,M,Finance,Financial Analyst,,6089,29.0,,,,1.0
1081,31.0,Male,Finance,Accountant,PhD,,,N,No,1.0,
355,42.0,Male,Finance,Accountant,Master,11k,13.0,Y,Yes,1.0,2.0
366,56.0,Male,Finance,Accountant,Bachelor,5608,18.0,N,,2.0,
310,,F,IT,System Admin,Master,,23.0,,No,,1.0
737,,F,IT,System Admin,PhD,11255,,No,Y,2.0,4.0
999,,Female,Finance,Accountant,,,22.0,No,No,1.0,3.0
622,,M,R&D,Research Scientist,Bachelor,15223,25.0,,N,3.0,
544,27.0,M,HR,HR Manager,,4160,,N,Y,4.0,
1141,,F,Finance,Accountant,Master,5577,,N,Yes,1.0,1.0
1297,,Male,Sales,Sales Manager,High School,8224,,Y,,2.0,4.0
555,,F,IT,Data Analyst,,3k,,No,,3.0,
680,,M,Finance,Financial Analyst,Bachelor,12k,,Y,Y,1.0,2.0
50,,F,IT,Data Analyst,,17168,,Yes,Yes,,1.0
491,,M,R&D,Lab Technician,Master,11727,,N,No,2.0,1.0
317,,Female,Sales,Sales Manager,Bachelor,20k,14.0,Y,,2.0,4.0
905,,M,Finance,Financial Analyst,Master,,,No,N,2.0,4.0
637,26.0,M,Finance,Accountant,PhD,8k,,N,,,3.0
561,34.0,M,R&D,Research Scientist,High School,,,Yes,,,
487,44.0,M,Sales,Sales Manager,PhD,,,No,N,1.0,2.0
68,36.0,M,IT,Developer,PhD,11887,22.0,Yes,N,,2.0
812,30.0,M,R&D,Lab Technician,PhD,11184,7.0,,Y,,
494,,Male,Sales,Sales Manager,Bachelor,6343,28.0,Y,Y,1.0,2.0
311,43.0,F,HR,HR Specialist,High School,5k,3.0,No,No,3.0,3.0
1097,,Female,Sales,Sales Manager,PhD,9643,5.0,N,Yes,2.0,
1248,,Male,IT,System Admin,Bachelor,,6.0,Yes,,2.0,3.0
185,57.0,Female,HR,HR Manager,Master,8k,9.0,,N,4.0,2.0
307,,F,Sales,Sales Manager,Bachelor,5k,,,Yes,3.0,4.0
853,57.0,Female,IT,System Admin,High School,,,Y,No,1.0,2.0
793,31.0,Female,Sales,Sales Manager,Master,8k,,,Yes,4.0,1.0
290,,Female,HR,HR Specialist,,,,Yes,Yes,3.0,1.0
707,,M,HR,HR Manager,,4737,,No,Yes,,2.0
